
-- =====================================================
-- RETRO GARAGE - Base completa con bastantes datos Costa Rica
-- SQL Server
-- Personas y datos personales: ficticios para pruebas académicas.
-- Fechas históricas incluidas: enero, febrero, marzo, abril, mayo y junio de 2026.
-- =====================================================

USE master;
GO

IF DB_ID(N'RetroGarage') IS NULL
BEGIN
    CREATE DATABASE RetroGarage;
END
GO

USE RetroGarage;
GO

-- Limpiar estructura anterior, si existe
IF OBJECT_ID(N'dbo.movimientos_inventario', N'U') IS NOT NULL DROP TABLE dbo.movimientos_inventario;
IF OBJECT_ID(N'dbo.pagos', N'U') IS NOT NULL DROP TABLE dbo.pagos;
IF OBJECT_ID(N'dbo.recuperacion_contrasena', N'U') IS NOT NULL DROP TABLE dbo.recuperacion_contrasena;
IF OBJECT_ID(N'dbo.sesiones_usuario', N'U') IS NOT NULL DROP TABLE dbo.sesiones_usuario;
IF OBJECT_ID(N'dbo.citas', N'U') IS NOT NULL DROP TABLE dbo.citas;
IF OBJECT_ID(N'dbo.productos', N'U') IS NOT NULL DROP TABLE dbo.productos;
IF OBJECT_ID(N'dbo.servicios', N'U') IS NOT NULL DROP TABLE dbo.servicios;
IF OBJECT_ID(N'dbo.usuarios', N'U') IS NOT NULL DROP TABLE dbo.usuarios;
IF OBJECT_ID(N'dbo.clientes', N'U') IS NOT NULL DROP TABLE dbo.clientes;
IF OBJECT_ID(N'dbo.categorias', N'U') IS NOT NULL DROP TABLE dbo.categorias;
IF OBJECT_ID(N'dbo.metodos_pago', N'U') IS NOT NULL DROP TABLE dbo.metodos_pago;
IF OBJECT_ID(N'dbo.roles', N'U') IS NOT NULL DROP TABLE dbo.roles;
GO

CREATE TABLE dbo.roles (
    id_rol          INT IDENTITY(1,1) PRIMARY KEY,
    nombre          NVARCHAR(50)  NOT NULL,
    descripcion     NVARCHAR(200) NULL
);
GO

CREATE TABLE dbo.usuarios (
    id_usuario      INT IDENTITY(1,1) PRIMARY KEY,
    id_rol          INT           NOT NULL,
    nombre_completo NVARCHAR(100) NOT NULL,
    correo          NVARCHAR(100) NOT NULL UNIQUE,
    telefono        NVARCHAR(20)  NULL,
    contrasena_hash NVARCHAR(255) NOT NULL,
    activo          BIT           NOT NULL DEFAULT 1,
    fecha_creacion  DATETIME      NOT NULL DEFAULT GETDATE(),
    ultimo_acceso   DATETIME      NULL,
    CONSTRAINT FK_usuarios_rol FOREIGN KEY (id_rol) REFERENCES dbo.roles(id_rol)
);
GO

CREATE TABLE dbo.sesiones_usuario (
    id_sesion           INT IDENTITY(1,1) PRIMARY KEY,
    id_usuario          INT           NOT NULL,
    token_sesion        NVARCHAR(500) NOT NULL UNIQUE,
    ip_origen           NVARCHAR(50)  NULL,
    fecha_inicio        DATETIME      NOT NULL DEFAULT GETDATE(),
    fecha_expiracion    DATETIME      NOT NULL,
    activa              BIT           NOT NULL DEFAULT 1,
    CONSTRAINT FK_sesiones_usuario FOREIGN KEY (id_usuario) REFERENCES dbo.usuarios(id_usuario)
);
GO

CREATE TABLE dbo.recuperacion_contrasena (
    id_recuperacion     INT IDENTITY(1,1) PRIMARY KEY,
    id_usuario          INT           NOT NULL,
    codigo_hash         NVARCHAR(255) NOT NULL,
    fecha_expiracion    DATETIME      NOT NULL,
    usado               BIT           NOT NULL DEFAULT 0,
    ip_solicitud        NVARCHAR(50)  NULL,
    fecha_solicitud     DATETIME      NOT NULL DEFAULT GETDATE(),
    CONSTRAINT FK_recuperacion_usuario FOREIGN KEY (id_usuario) REFERENCES dbo.usuarios(id_usuario)
);
GO

CREATE TABLE dbo.clientes (
    id_cliente          INT IDENTITY(1,1) PRIMARY KEY,
    nombre              NVARCHAR(100) NOT NULL,
    apellido            NVARCHAR(100) NOT NULL,
    identificacion      NVARCHAR(20)  NOT NULL UNIQUE,
    fecha_nacimiento    DATE          NULL,
    correo              NVARCHAR(100) NULL,
    telefono            NVARCHAR(20)  NOT NULL,
    provincia           NVARCHAR(100) NULL,
    canton              NVARCHAR(100) NULL,
    notas               NVARCHAR(500) NULL,
    activo              BIT           NOT NULL DEFAULT 1,
    fecha_registro      DATETIME      NOT NULL DEFAULT GETDATE()
);
GO

CREATE TABLE dbo.categorias (
    id_categoria    INT IDENTITY(1,1) PRIMARY KEY,
    nombre          NVARCHAR(100) NOT NULL,
    tipo            NVARCHAR(20)  NOT NULL,
    descripcion     NVARCHAR(300) NULL,
    activo          BIT           NOT NULL DEFAULT 1
);
GO

CREATE TABLE dbo.servicios (
    id_servicio         INT IDENTITY(1,1) PRIMARY KEY,
    id_categoria        INT             NOT NULL,
    nombre              NVARCHAR(150)   NOT NULL,
    precio_base         DECIMAL(10,2)   NOT NULL DEFAULT 0,
    activo              BIT             NOT NULL DEFAULT 1,
    CONSTRAINT FK_servicios_categoria FOREIGN KEY (id_categoria) REFERENCES dbo.categorias(id_categoria)
);
GO

CREATE TABLE dbo.productos (
    id_producto         INT IDENTITY(1,1) PRIMARY KEY,
    id_categoria        INT             NOT NULL,
    nombre              NVARCHAR(150)   NOT NULL,
    codigo_item         NVARCHAR(50)    NOT NULL UNIQUE,
    precio_venta        DECIMAL(10,2)   NOT NULL DEFAULT 0,
    precio_costo        DECIMAL(10,2)   NOT NULL DEFAULT 0,
    stock_actual        INT             NOT NULL DEFAULT 0,
    stock_minimo        INT             NOT NULL DEFAULT 0,
    unidad_medida       NVARCHAR(20)    NOT NULL DEFAULT 'Unidades',
    proveedor           NVARCHAR(150)   NULL,
    activo              BIT             NOT NULL DEFAULT 1,
    CONSTRAINT FK_productos_categoria FOREIGN KEY (id_categoria) REFERENCES dbo.categorias(id_categoria)
);
GO

CREATE TABLE dbo.citas (
    id_cita                 INT IDENTITY(1,1) PRIMARY KEY,
    id_cliente              INT             NOT NULL,
    id_servicio             INT             NOT NULL,
    marca_vehiculo          NVARCHAR(100)   NOT NULL,
    modelo_vehiculo         NVARCHAR(100)   NOT NULL,
    anio_vehiculo           INT             NULL,
    fecha                   DATE            NOT NULL,
    hora                    TIME            NOT NULL,
    descripcion             NVARCHAR(500)   NULL,
    estado                  NVARCHAR(20)    NOT NULL DEFAULT 'PENDIENTE',
    fecha_registro          DATETIME        NOT NULL DEFAULT GETDATE(),
    CONSTRAINT FK_citas_cliente  FOREIGN KEY (id_cliente)  REFERENCES dbo.clientes(id_cliente),
    CONSTRAINT FK_citas_servicio FOREIGN KEY (id_servicio) REFERENCES dbo.servicios(id_servicio)
);
GO

CREATE TABLE dbo.metodos_pago (
    id_metodo               INT IDENTITY(1,1) PRIMARY KEY,
    nombre                  NVARCHAR(50)  NOT NULL,
    requiere_referencia     BIT           NOT NULL DEFAULT 0,
    activo                  BIT           NOT NULL DEFAULT 1
);
GO

CREATE TABLE dbo.pagos (
    id_pago             INT IDENTITY(1,1) PRIMARY KEY,
    numero_factura      NVARCHAR(20)    NOT NULL UNIQUE,
    id_cita             INT             NOT NULL,
    id_usuario          INT             NOT NULL,
    id_metodo           INT             NOT NULL,
    monto               DECIMAL(10,2)   NOT NULL,
    monto_recibido      DECIMAL(10,2)   NULL,
    cambio              DECIMAL(10,2)   NULL,
    numero_referencia   NVARCHAR(100)   NULL,
    banco               NVARCHAR(100)   NULL,
    observaciones       NVARCHAR(500)   NULL,
    estado_pago         NVARCHAR(20)    NOT NULL DEFAULT 'COMPLETADO',
    fecha_pago          DATETIME        NOT NULL DEFAULT GETDATE(),
    CONSTRAINT FK_pagos_cita    FOREIGN KEY (id_cita)    REFERENCES dbo.citas(id_cita),
    CONSTRAINT FK_pagos_usuario FOREIGN KEY (id_usuario) REFERENCES dbo.usuarios(id_usuario),
    CONSTRAINT FK_pagos_metodo  FOREIGN KEY (id_metodo)  REFERENCES dbo.metodos_pago(id_metodo)
);
GO

CREATE TABLE dbo.movimientos_inventario (
    id_movimiento       INT IDENTITY(1,1) PRIMARY KEY,
    id_producto         INT             NOT NULL,
    id_cita             INT             NULL,
    id_usuario          INT             NOT NULL,
    tipo                NVARCHAR(20)    NOT NULL,
    cantidad            INT             NOT NULL,
    stock_anterior      INT             NOT NULL,
    stock_resultante    INT             NOT NULL,
    motivo              NVARCHAR(300)   NULL,
    fecha               DATETIME        NOT NULL DEFAULT GETDATE(),
    CONSTRAINT FK_mov_producto FOREIGN KEY (id_producto) REFERENCES dbo.productos(id_producto),
    CONSTRAINT FK_mov_cita     FOREIGN KEY (id_cita)     REFERENCES dbo.citas(id_cita),
    CONSTRAINT FK_mov_usuario  FOREIGN KEY (id_usuario)  REFERENCES dbo.usuarios(id_usuario)
);
GO

-- =====================================================
-- ROLES
-- =====================================================

SET IDENTITY_INSERT dbo.roles ON;
GO
INSERT INTO dbo.roles (id_rol, nombre, descripcion) VALUES
    (1, N'Administrador', N'Acceso total al sistema'),
    (2, N'Gerente', N'Acceso a reportes, inventario y gestión administrativa'),
    (3, N'Técnico', N'Acceso operativo a citas, servicios y movimientos de inventario'),
    (4, N'Vendedor', N'Acceso a clientes, agenda y registro de pagos');
GO
SET IDENTITY_INSERT dbo.roles OFF;
GO

-- =====================================================
-- MÉTODOS DE PAGO
-- =====================================================

SET IDENTITY_INSERT dbo.metodos_pago ON;
GO
INSERT INTO dbo.metodos_pago (id_metodo, nombre, requiere_referencia, activo) VALUES
    (1, N'Efectivo', 0, 1),
    (2, N'Tarjeta', 1, 1),
    (3, N'Transferencia', 1, 1),
    (4, N'SINPE Móvil', 1, 1);
GO
SET IDENTITY_INSERT dbo.metodos_pago OFF;
GO

-- =====================================================
-- CATEGORÍAS
-- =====================================================

SET IDENTITY_INSERT dbo.categorias ON;
GO
INSERT INTO dbo.categorias (id_categoria, nombre, tipo, descripcion, activo) VALUES
    (1, N'Repuestos de motor', N'Producto', N'Repuestos y partes del motor para vehículos clásicos y uso diario', 1),
    (2, N'Frenos', N'Producto', N'Pastillas, líquido de frenos, discos y componentes de frenado', 1),
    (3, N'Suspensión', N'Producto', N'Amortiguadores, bujes, terminales y componentes de suspensión', 1),
    (4, N'Eléctrico automotriz', N'Producto', N'Baterías, bombillos, fusibles, cableado y accesorios eléctricos', 1),
    (5, N'Herramientas', N'Producto', N'Herramientas de taller y consumibles técnicos', 1),
    (6, N'Insumos', N'Producto', N'Aceites, refrigerantes, grasas, limpiadores y productos químicos', 1),
    (7, N'Estética automotriz', N'Producto', N'Ceras, lijas, primer, pintura, paños y productos de detallado', 1),
    (8, N'Mantenimiento', N'Servicio', N'Servicios de mantenimiento preventivo y correctivo general', 1),
    (9, N'Pintura', N'Servicio', N'Pintura, carrocería, pulido y detallado exterior', 1),
    (10, N'Restauración', N'Servicio', N'Restauración mecánica, estética y diagnóstico de vehículos clásicos', 1),
    (11, N'Tapicería', N'Servicio', N'Tapicería interior, asientos, alfombras y paneles', 1),
    (12, N'Eléctrico', N'Servicio', N'Diagnóstico y reparación eléctrica automotriz', 1),
    (13, N'Frenos y suspensión', N'Servicio', N'Servicios relacionados con sistema de frenos y suspensión', 1),
    (14, N'Diagnóstico', N'Servicio', N'Diagnósticos técnicos, revisión pre-DEKRA y revisión de compra', 1);
GO
SET IDENTITY_INSERT dbo.categorias OFF;
GO

-- =====================================================
-- USUARIOS
-- =====================================================

SET IDENTITY_INSERT dbo.usuarios ON;
GO
INSERT INTO dbo.usuarios (id_usuario, id_rol, nombre_completo, correo, telefono, contrasena_hash, activo, fecha_creacion, ultimo_acceso) VALUES
    (1, 1, N'Administrador', N'admin@retrogarage.com', N'0000-0000', N'$2b$10$examplehashhere', 1, CAST(N'2026-01-02T08:00:00' AS DATETIME), CAST(N'2026-06-17T07:42:00' AS DATETIME)),
    (2, 2, N'María Fernanda Solís Araya', N'msolis@retrogaragecr.com', N'8812-4401', N'$2b$10$SeedCRHashGerente0010000000000000000000000000', 1, CAST(N'2026-01-03T08:10:00' AS DATETIME), CAST(N'2026-06-17T07:55:00' AS DATETIME)),
    (3, 3, N'José Andrés Vargas Mora', N'jvargas@retrogaragecr.com', N'8701-2234', N'$2b$10$SeedCRHashTecnico0010000000000000000000000000', 1, CAST(N'2026-01-04T09:20:00' AS DATETIME), CAST(N'2026-06-16T16:40:00' AS DATETIME)),
    (4, 3, N'Steven Mora Quesada', N'smora@retrogaragecr.com', N'8990-1188', N'$2b$10$SeedCRHashTecnico0020000000000000000000000000', 1, CAST(N'2026-01-04T10:05:00' AS DATETIME), CAST(N'2026-06-17T08:15:00' AS DATETIME)),
    (5, 4, N'Karla Quesada Jiménez', N'kquesada@retrogaragecr.com', N'8422-9077', N'$2b$10$SeedCRHashVendedor001000000000000000000000000', 1, CAST(N'2026-01-05T11:00:00' AS DATETIME), CAST(N'2026-06-17T09:03:00' AS DATETIME)),
    (6, 3, N'Randall Chacón Brenes', N'rchacon@retrogaragecr.com', N'7106-5542', N'$2b$10$SeedCRHashTecnico0030000000000000000000000000', 1, CAST(N'2026-01-06T08:30:00' AS DATETIME), CAST(N'2026-06-14T13:20:00' AS DATETIME)),
    (7, 4, N'Daniela Porras Núñez', N'dporras@retrogaragecr.com', N'8555-1209', N'$2b$10$SeedCRHashVendedor002000000000000000000000000', 1, CAST(N'2026-01-07T09:15:00' AS DATETIME), CAST(N'2026-06-16T17:10:00' AS DATETIME)),
    (8, 3, N'Pablo Hernández Leiva', N'phernandez@retrogaragecr.com', N'6221-9090', N'$2b$10$SeedCRHashTecnico0040000000000000000000000000', 1, CAST(N'2026-01-08T07:50:00' AS DATETIME), CAST(N'2026-06-15T15:22:00' AS DATETIME)),
    (9, 2, N'Andrea Cordero Salazar', N'acordero@retrogaragecr.com', N'8709-4432', N'$2b$10$SeedCRHashGerente0020000000000000000000000000', 1, CAST(N'2026-01-09T13:20:00' AS DATETIME), CAST(N'2026-06-13T12:01:00' AS DATETIME)),
    (10, 3, N'Mauricio Alfaro Vega', N'malfaro@retrogaragecr.com', N'7088-3388', N'$2b$10$SeedCRHashTecnico0050000000000000000000000000', 1, CAST(N'2026-02-01T10:30:00' AS DATETIME), CAST(N'2026-06-17T08:59:00' AS DATETIME)),
    (11, 4, N'Sofía Campos Rivas', N'scampos@retrogaragecr.com', N'8392-5541', N'$2b$10$SeedCRHashVendedor003000000000000000000000000', 1, CAST(N'2026-02-03T09:05:00' AS DATETIME), CAST(N'2026-06-12T14:33:00' AS DATETIME)),
    (12, 3, N'Gerardo Núñez Castillo', N'gnunez@retrogaragecr.com', N'7114-8080', N'$2b$10$SeedCRHashTecnico0060000000000000000000000000', 0, CAST(N'2026-02-10T08:40:00' AS DATETIME), CAST(N'2026-05-28T16:25:00' AS DATETIME));
GO
SET IDENTITY_INSERT dbo.usuarios OFF;
GO

-- =====================================================
-- CLIENTES FICTICIOS CON FORMATO CR
-- =====================================================

SET IDENTITY_INSERT dbo.clientes ON;
GO
INSERT INTO dbo.clientes (id_cliente, nombre, apellido, identificacion, fecha_nacimiento, correo, telefono, provincia, canton, notas, activo, fecha_registro) VALUES
    (1, N'Carlos', N'Jiménez Vindas', N'1-1001-5003', CAST(N'1966-04-28' AS DATE), N'carlos.jimenez.1@demo.cr', N'6274-8349', N'San José', N'Santa Ana', N'Solicita factura electrónica enviada por correo.', 1, CAST(N'2025-12-03T11:00:00' AS DATETIME)),
    (2, N'Ana Lucía', N'Ramírez León', N'2-1002-5006', CAST(N'1971-11-21' AS DATE), N'ana.lucia.ramirez.2@demo.cr', N'7915-3511', N'Alajuela', N'San Carlos', N'Consulta disponibilidad de repuestos antes de confirmar la cita.', 1, CAST(N'2025-12-05T13:00:00' AS DATETIME)),
    (3, N'Luis Diego', N'Alpízar Vega', N'3-1003-5009', CAST(N'1978-10-08' AS DATE), N'luis.diego.alpizar.3@demo.cr', N'8650-2769', N'Cartago', N'Central', N'Prefiere pagos por transferencia o SINPE Móvil.', 1, CAST(N'2025-12-07T12:15:00' AS DATETIME)),
    (4, N'Marcela', N'Méndez Abarca', N'4-1004-5012', CAST(N'1966-11-02' AS DATE), N'marcela.mendez.4@demo.cr', N'8484-3094', N'Heredia', N'Central', N'Trae repuestos propios ocasionalmente.', 1, CAST(N'2025-12-09T12:00:00' AS DATETIME)),
    (5, N'Jorge', N'Gutiérrez Soto', N'5-1005-5015', CAST(N'1998-01-06' AS DATE), N'jorge.gutierrez.5@demo.cr', N'6817-5410', N'Heredia', N'Flores', N'Vehículo de uso diario, requiere entrega rápida.', 1, CAST(N'2025-12-11T08:30:00' AS DATETIME)),
    (6, N'Natalia', N'Cordero Porras', N'6-1006-5018', CAST(N'1973-01-13' AS DATE), N'natalia.cordero.6@demo.cr', N'6301-8435', N'Guanacaste', N'Cañas', N'Proyecto de restauración a mediano plazo.', 1, CAST(N'2025-12-13T15:15:00' AS DATETIME)),
    (7, N'Erick', N'Bonilla Araya', N'7-1007-5021', CAST(N'1987-07-05' AS DATE), N'erick.bonilla.7@demo.cr', N'8748-7437', N'Puntarenas', N'Buenos Aires', N'Solicita fotografías del avance del trabajo.', 1, CAST(N'2025-12-15T09:25:00' AS DATETIME)),
    (8, N'Paola', N'León Molina', N'1-1008-5024', CAST(N'1997-03-14' AS DATE), N'paola.leon.8@demo.cr', N'6959-1207', N'Limón', N'Talamanca', N'Interesado en mantenimiento preventivo cada seis meses.', 1, CAST(N'2025-12-17T11:15:00' AS DATETIME)),
    (9, N'Andrés', N'Valverde Arias', N'2-1009-5027', CAST(N'1962-06-12' AS DATE), N'andres.valverde.9@demo.cr', N'6172-2831', N'San José', N'Goicoechea', N'Primera visita al taller.', 1, CAST(N'2025-12-19T13:10:00' AS DATETIME)),
    (10, N'Sofía', N'Coto Valverde', N'3-1010-5030', CAST(N'1997-01-19' AS DATE), N'sofia.coto.10@demo.cr', N'7429-1707', N'Alajuela', N'Grecia', N'Cliente frecuente. Prefiere contacto por WhatsApp.', 1, CAST(N'2025-12-21T08:30:00' AS DATETIME)),
    (11, N'Manuel', N'Calderón Brenes', N'4-1011-5033', CAST(N'1996-12-16' AS DATE), N'manuel.calderon.11@demo.cr', N'6546-7011', N'Alajuela', N'Poás', N'Solicita factura electrónica enviada por correo.', 1, CAST(N'2025-12-23T13:30:00' AS DATETIME)),
    (12, N'Valeria', N'Campos Camacho', N'5-1012-5036', CAST(N'1963-09-12' AS DATE), N'valeria.campos.12@demo.cr', N'7611-3476', N'Cartago', N'El Guarco', N'Consulta disponibilidad de repuestos antes de confirmar la cita.', 1, CAST(N'2025-12-25T14:15:00' AS DATETIME)),
    (13, N'Ricardo', N'Montero Fernández', N'6-1013-5039', CAST(N'1976-12-10' AS DATE), N'ricardo.montero.13@demo.cr', N'8213-6348', N'Heredia', N'Santo Domingo', N'Prefiere pagos por transferencia o SINPE Móvil.', 1, CAST(N'2025-12-27T11:30:00' AS DATETIME)),
    (14, N'Gabriela', N'Solano Hidalgo', N'7-1014-5042', CAST(N'1999-05-21' AS DATE), N'gabriela.solano.14@demo.cr', N'6209-4645', N'Guanacaste', N'Carrillo', N'Trae repuestos propios ocasionalmente.', 1, CAST(N'2025-12-29T15:30:00' AS DATETIME)),
    (15, N'Daniel', N'Quesada Mora', N'1-1015-5045', CAST(N'1981-02-06' AS DATE), N'daniel.quesada.15@demo.cr', N'8806-4273', N'Puntarenas', N'Garabito', N'Vehículo de uso diario, requiere entrega rápida.', 1, CAST(N'2025-12-31T10:30:00' AS DATETIME)),
    (16, N'María José', N'Brenes Núñez', N'2-1016-5048', CAST(N'1991-10-16' AS DATE), N'maria.jose.brenes.16@demo.cr', N'8177-9082', N'Limón', N'Siquirres', N'Proyecto de restauración a mediano plazo.', 1, CAST(N'2026-01-02T12:30:00' AS DATETIME)),
    (17, N'Esteban', N'Rojas Retana', N'3-1017-5051', CAST(N'1972-12-25' AS DATE), N'esteban.rojas.17@demo.cr', N'6618-1510', N'San José', N'Moravia', N'Solicita fotografías del avance del trabajo.', 1, CAST(N'2026-01-04T11:25:00' AS DATETIME)),
    (18, N'Laura', N'Zamora Bonilla', N'4-1018-5054', CAST(N'1972-05-10' AS DATE), N'laura.zamora.18@demo.cr', N'8908-4351', N'Alajuela', N'Central', N'Interesado en mantenimiento preventivo cada seis meses.', 1, CAST(N'2026-01-06T09:15:00' AS DATETIME)),
    (19, N'Diego', N'Porras Umaña', N'5-1019-5057', CAST(N'1963-06-10' AS DATE), N'diego.porras.19@demo.cr', N'7737-3064', N'Alajuela', N'San Ramón', N'Primera visita al taller.', 1, CAST(N'2026-01-08T11:30:00' AS DATETIME)),
    (20, N'Fernanda', N'Araya Chaves', N'6-1020-5060', CAST(N'1967-11-15' AS DATE), N'fernanda.araya.20@demo.cr', N'7470-3688', N'Cartago', N'Paraíso', N'Cliente frecuente. Prefiere contacto por WhatsApp.', 1, CAST(N'2026-01-10T08:30:00' AS DATETIME)),
    (21, N'Adrián', N'Fallas Rivas', N'7-1021-5063', CAST(N'1991-08-17' AS DATE), N'adrian.fallas.21@demo.cr', N'8819-3423', N'Heredia', N'Barva', N'Solicita factura electrónica enviada por correo.', 1, CAST(N'2026-01-12T10:30:00' AS DATETIME)),
    (22, N'Camila', N'Vindas Salas', N'1-1022-5066', CAST(N'1980-08-26' AS DATE), N'camila.vindas.22@demo.cr', N'7796-5615', N'Guanacaste', N'Nicoya', N'Consulta disponibilidad de repuestos antes de confirmar la cita.', 1, CAST(N'2026-01-14T09:15:00' AS DATETIME)),
    (23, N'José Pablo', N'Fernández Fallas', N'2-1023-5069', CAST(N'1975-08-06' AS DATE), N'jose.pablo.fernandez.23@demo.cr', N'8250-7831', N'Puntarenas', N'Jacó', N'Prefiere pagos por transferencia o SINPE Móvil.', 1, CAST(N'2026-01-16T11:45:00' AS DATETIME)),
    (24, N'Katherine', N'Madrigal Jiménez', N'3-1024-5072', CAST(N'1993-08-26' AS DATE), N'katherine.madrigal.24@demo.cr', N'7588-7080', N'Limón', N'Guácimo', N'Trae repuestos propios ocasionalmente.', 1, CAST(N'2026-01-18T11:00:00' AS DATETIME)),
    (25, N'Gustavo', N'Segura Alvarado', N'4-1025-5075', CAST(N'1994-10-26' AS DATE), N'gustavo.segura.25@demo.cr', N'8621-1108', N'San José', N'Escazú', N'Vehículo de uso diario, requiere entrega rápida.', 1, CAST(N'2026-01-20T12:00:00' AS DATETIME)),
    (26, N'Carolina', N'Céspedes Castro', N'5-1026-5078', CAST(N'1984-01-03' AS DATE), N'carolina.cespedes.26@demo.cr', N'8495-5322', N'San José', N'Tibás', N'Proyecto de restauración a mediano plazo.', 1, CAST(N'2026-01-22T11:15:00' AS DATETIME)),
    (27, N'David', N'Mora Cordero', N'6-1027-5081', CAST(N'1992-12-20' AS DATE), N'david.mora.27@demo.cr', N'7640-9194', N'Alajuela', N'Naranjo', N'Solicita fotografías del avance del trabajo.', 1, CAST(N'2026-01-24T14:00:00' AS DATETIME)),
    (28, N'Tatiana', N'Chacón Quesada', N'7-1028-5084', CAST(N'1969-10-24' AS DATE), N'tatiana.chacon.28@demo.cr', N'7590-5707', N'Cartago', N'Oreamuno', N'Interesado en mantenimiento preventivo cada seis meses.', 1, CAST(N'2026-01-26T14:25:00' AS DATETIME)),
    (29, N'Óscar', N'Castro Solís', N'1-1029-5087', CAST(N'1964-08-17' AS DATE), N'oscar.castro.29@demo.cr', N'8667-9506', N'Heredia', N'San Rafael', N'Primera visita al taller.', 1, CAST(N'2026-01-28T14:00:00' AS DATETIME)),
    (30, N'Mónica', N'Acosta Rojas', N'2-1030-5090', CAST(N'1983-02-21' AS DATE), N'monica.acosta.30@demo.cr', N'6429-1799', N'Guanacaste', N'Santa Cruz', N'Cliente frecuente. Prefiere contacto por WhatsApp.', 1, CAST(N'2026-01-30T08:10:00' AS DATETIME)),
    (31, N'Rafael', N'Sánchez Vindas', N'3-1031-5093', CAST(N'1998-01-08' AS DATE), N'rafael.sanchez.31@demo.cr', N'8216-6131', N'Puntarenas', N'Esparza', N'Solicita factura electrónica enviada por correo.', 1, CAST(N'2026-02-01T11:30:00' AS DATETIME)),
    (32, N'Daniela', N'Navarro León', N'4-1032-5096', CAST(N'1990-12-22' AS DATE), N'daniela.navarro.32@demo.cr', N'8525-8287', N'Limón', N'Pococí', N'Consulta disponibilidad de repuestos antes de confirmar la cita.', 1, CAST(N'2026-02-03T09:00:00' AS DATETIME)),
    (33, N'Bryan', N'Salas Vega', N'5-1033-5099', CAST(N'1975-01-19' AS DATE), N'bryan.salas.33@demo.cr', N'6132-8500', N'San José', N'Desamparados', N'Prefiere pagos por transferencia o SINPE Móvil.', 1, CAST(N'2026-02-05T11:45:00' AS DATETIME)),
    (34, N'Melissa', N'Hidalgo Abarca', N'6-1034-5102', CAST(N'1987-04-22' AS DATE), N'melissa.hidalgo.34@demo.cr', N'8202-6695', N'San José', N'Curridabat', N'Trae repuestos propios ocasionalmente.', 1, CAST(N'2026-02-07T08:25:00' AS DATETIME)),
    (35, N'Felipe', N'Umaña Soto', N'7-1035-5105', CAST(N'1971-10-07' AS DATE), N'felipe.umana.35@demo.cr', N'7770-2185', N'Alajuela', N'Atenas', N'Vehículo de uso diario, requiere entrega rápida.', 1, CAST(N'2026-02-09T13:15:00' AS DATETIME)),
    (36, N'Alejandra', N'Arias Porras', N'1-1036-5108', CAST(N'1970-08-10' AS DATE), N'alejandra.arias.36@demo.cr', N'8767-7851', N'Cartago', N'La Unión', N'Proyecto de restauración a mediano plazo.', 1, CAST(N'2026-02-11T13:30:00' AS DATETIME)),
    (37, N'Juan Carlos', N'Barrantes Araya', N'2-1037-5111', CAST(N'1986-01-04' AS DATE), N'juan.carlos.barrantes.37@demo.cr', N'6520-3326', N'Heredia', N'Belén', N'Solicita fotografías del avance del trabajo.', 1, CAST(N'2026-02-13T08:15:00' AS DATETIME)),
    (38, N'Priscilla', N'Aguilar Molina', N'3-1038-5114', CAST(N'1966-03-14' AS DATE), N'priscilla.aguilar.38@demo.cr', N'8487-3265', N'Guanacaste', N'Liberia', N'Interesado en mantenimiento preventivo cada seis meses.', 1, CAST(N'2026-02-15T09:45:00' AS DATETIME)),
    (39, N'Kevin', N'Villalobos Arias', N'4-1039-5117', CAST(N'1984-07-04' AS DATE), N'kevin.villalobos.39@demo.cr', N'8776-1555', N'Puntarenas', N'Central', N'Primera visita al taller.', 1, CAST(N'2026-02-17T13:10:00' AS DATETIME)),
    (40, N'Mariana', N'Vargas Valverde', N'5-1040-5120', CAST(N'1990-09-19' AS DATE), N'mariana.vargas.40@demo.cr', N'8900-7732', N'Limón', N'Central', N'Cliente frecuente. Prefiere contacto por WhatsApp.', 1, CAST(N'2026-02-19T08:10:00' AS DATETIME)),
    (41, N'Carlos', N'Jiménez Brenes', N'6-1041-5123', CAST(N'1975-10-17' AS DATE), N'carlos.jimenez.41@demo.cr', N'8743-4756', N'San José', N'Central', N'Solicita factura electrónica enviada por correo.', 1, CAST(N'2026-02-21T14:10:00' AS DATETIME)),
    (42, N'Ana Lucía', N'Ramírez Camacho', N'7-1042-5126', CAST(N'1971-03-01' AS DATE), N'ana.lucia.ramirez.42@demo.cr', N'7580-1560', N'San José', N'Santa Ana', N'Consulta disponibilidad de repuestos antes de confirmar la cita.', 1, CAST(N'2026-02-23T10:45:00' AS DATETIME)),
    (43, N'Luis Diego', N'Alpízar Fernández', N'1-1043-5129', CAST(N'1997-03-05' AS DATE), N'luis.diego.alpizar.43@demo.cr', N'7328-2081', N'Alajuela', N'San Carlos', N'Prefiere pagos por transferencia o SINPE Móvil.', 1, CAST(N'2026-02-25T10:15:00' AS DATETIME)),
    (44, N'Marcela', N'Méndez Hidalgo', N'2-1044-5132', CAST(N'1998-04-23' AS DATE), N'marcela.mendez.44@demo.cr', N'7482-1280', N'Cartago', N'Central', N'Trae repuestos propios ocasionalmente.', 1, CAST(N'2026-02-27T11:25:00' AS DATETIME)),
    (45, N'Jorge', N'Gutiérrez Mora', N'3-1045-5135', CAST(N'1983-12-21' AS DATE), N'jorge.gutierrez.45@demo.cr', N'8560-5839', N'Heredia', N'Central', N'Vehículo de uso diario, requiere entrega rápida.', 1, CAST(N'2026-03-01T14:10:00' AS DATETIME)),
    (46, N'Natalia', N'Cordero Núñez', N'4-1046-5138', CAST(N'1971-10-28' AS DATE), N'natalia.cordero.46@demo.cr', N'6366-1127', N'Heredia', N'Flores', N'Proyecto de restauración a mediano plazo.', 1, CAST(N'2026-03-03T11:00:00' AS DATETIME)),
    (47, N'Erick', N'Bonilla Retana', N'5-1047-5141', CAST(N'1966-02-06' AS DATE), N'erick.bonilla.47@demo.cr', N'8742-1961', N'Guanacaste', N'Cañas', N'Solicita fotografías del avance del trabajo.', 1, CAST(N'2026-03-05T10:15:00' AS DATETIME)),
    (48, N'Paola', N'León Bonilla', N'6-1048-5144', CAST(N'1993-05-10' AS DATE), N'paola.leon.48@demo.cr', N'6951-8166', N'Puntarenas', N'Buenos Aires', N'Interesado en mantenimiento preventivo cada seis meses.', 1, CAST(N'2026-03-07T14:00:00' AS DATETIME)),
    (49, N'Andrés', N'Valverde Umaña', N'7-1049-5147', CAST(N'1996-10-02' AS DATE), N'andres.valverde.49@demo.cr', N'7857-2375', N'Limón', N'Talamanca', N'Primera visita al taller.', 1, CAST(N'2026-03-09T12:25:00' AS DATETIME)),
    (50, N'Sofía', N'Coto Chaves', N'1-1050-5150', CAST(N'1988-07-13' AS DATE), N'sofia.coto.50@demo.cr', N'8410-7257', N'San José', N'Goicoechea', N'Cliente frecuente. Prefiere contacto por WhatsApp.', 1, CAST(N'2026-03-11T10:15:00' AS DATETIME)),
    (51, N'Manuel', N'Calderón Rivas', N'2-1051-5153', CAST(N'1996-03-02' AS DATE), N'manuel.calderon.51@demo.cr', N'6234-2004', N'Alajuela', N'Grecia', N'Solicita factura electrónica enviada por correo.', 1, CAST(N'2026-03-13T13:15:00' AS DATETIME)),
    (52, N'Valeria', N'Campos Salas', N'3-1052-5156', CAST(N'1985-12-12' AS DATE), N'valeria.campos.52@demo.cr', N'6289-5509', N'Alajuela', N'Poás', N'Consulta disponibilidad de repuestos antes de confirmar la cita.', 1, CAST(N'2026-03-15T12:45:00' AS DATETIME)),
    (53, N'Ricardo', N'Montero Fallas', N'4-1053-5159', CAST(N'1966-03-06' AS DATE), N'ricardo.montero.53@demo.cr', N'7771-3806', N'Cartago', N'El Guarco', N'Prefiere pagos por transferencia o SINPE Móvil.', 1, CAST(N'2026-03-17T12:00:00' AS DATETIME)),
    (54, N'Gabriela', N'Solano Jiménez', N'5-1054-5162', CAST(N'1965-06-07' AS DATE), N'gabriela.solano.54@demo.cr', N'8604-6942', N'Heredia', N'Santo Domingo', N'Trae repuestos propios ocasionalmente.', 1, CAST(N'2026-03-19T11:15:00' AS DATETIME)),
    (55, N'Daniel', N'Quesada Alvarado', N'6-1055-5165', CAST(N'1984-03-11' AS DATE), N'daniel.quesada.55@demo.cr', N'8740-6293', N'Guanacaste', N'Carrillo', N'Vehículo de uso diario, requiere entrega rápida.', 1, CAST(N'2026-03-21T15:45:00' AS DATETIME)),
    (56, N'María José', N'Brenes Castro', N'7-1056-5168', CAST(N'1992-02-17' AS DATE), N'maria.jose.brenes.56@demo.cr', N'6731-6142', N'Puntarenas', N'Garabito', N'Proyecto de restauración a mediano plazo.', 1, CAST(N'2026-03-23T13:10:00' AS DATETIME)),
    (57, N'Esteban', N'Rojas Cordero', N'1-1057-5171', CAST(N'1989-06-20' AS DATE), N'esteban.rojas.57@demo.cr', N'8711-6225', N'Limón', N'Siquirres', N'Solicita fotografías del avance del trabajo.', 1, CAST(N'2026-03-25T11:25:00' AS DATETIME)),
    (58, N'Laura', N'Zamora Quesada', N'2-1058-5174', CAST(N'1973-01-10' AS DATE), N'laura.zamora.58@demo.cr', N'6875-5347', N'San José', N'Moravia', N'Interesado en mantenimiento preventivo cada seis meses.', 1, CAST(N'2026-03-27T11:25:00' AS DATETIME)),
    (59, N'Diego', N'Porras Solís', N'3-1059-5177', CAST(N'1973-01-18' AS DATE), N'diego.porras.59@demo.cr', N'7760-5460', N'Alajuela', N'Central', N'Primera visita al taller.', 1, CAST(N'2026-03-29T11:10:00' AS DATETIME)),
    (60, N'Fernanda', N'Araya Rojas', N'4-1060-5180', CAST(N'1978-11-01' AS DATE), N'fernanda.araya.60@demo.cr', N'7339-4744', N'Alajuela', N'San Ramón', N'Cliente frecuente. Prefiere contacto por WhatsApp.', 1, CAST(N'2026-03-31T12:00:00' AS DATETIME)),
    (61, N'Adrián', N'Fallas Vindas', N'5-1061-5183', CAST(N'1967-09-20' AS DATE), N'adrian.fallas.61@demo.cr', N'8895-9366', N'Cartago', N'Paraíso', N'Solicita factura electrónica enviada por correo.', 1, CAST(N'2026-04-02T08:30:00' AS DATETIME)),
    (62, N'Camila', N'Vindas León', N'6-1062-5186', CAST(N'1991-02-11' AS DATE), N'camila.vindas.62@demo.cr', N'7471-6826', N'Heredia', N'Barva', N'Consulta disponibilidad de repuestos antes de confirmar la cita.', 1, CAST(N'2026-04-04T12:00:00' AS DATETIME)),
    (63, N'José Pablo', N'Fernández Vega', N'7-1063-5189', CAST(N'1977-11-24' AS DATE), N'jose.pablo.fernandez.63@demo.cr', N'8918-5813', N'Guanacaste', N'Nicoya', N'Prefiere pagos por transferencia o SINPE Móvil.', 1, CAST(N'2026-04-06T15:30:00' AS DATETIME)),
    (64, N'Katherine', N'Madrigal Abarca', N'1-1064-5192', CAST(N'1984-02-12' AS DATE), N'katherine.madrigal.64@demo.cr', N'7719-4338', N'Puntarenas', N'Jacó', N'Trae repuestos propios ocasionalmente.', 1, CAST(N'2026-04-08T14:15:00' AS DATETIME)),
    (65, N'Gustavo', N'Segura Soto', N'2-1065-5195', CAST(N'1965-08-26' AS DATE), N'gustavo.segura.65@demo.cr', N'8153-3987', N'Limón', N'Guácimo', N'Vehículo de uso diario, requiere entrega rápida.', 1, CAST(N'2026-04-10T09:10:00' AS DATETIME)),
    (66, N'Carolina', N'Céspedes Porras', N'3-1066-5198', CAST(N'1994-04-21' AS DATE), N'carolina.cespedes.66@demo.cr', N'6945-5275', N'San José', N'Escazú', N'Proyecto de restauración a mediano plazo.', 1, CAST(N'2026-04-12T14:30:00' AS DATETIME)),
    (67, N'David', N'Mora Araya', N'4-1067-5201', CAST(N'1964-06-20' AS DATE), N'david.mora.67@demo.cr', N'6136-6458', N'San José', N'Tibás', N'Solicita fotografías del avance del trabajo.', 1, CAST(N'2026-04-14T14:15:00' AS DATETIME)),
    (68, N'Tatiana', N'Chacón Molina', N'5-1068-5204', CAST(N'1966-07-16' AS DATE), N'tatiana.chacon.68@demo.cr', N'8663-7070', N'Alajuela', N'Naranjo', N'Interesado en mantenimiento preventivo cada seis meses.', 1, CAST(N'2026-04-16T15:15:00' AS DATETIME)),
    (69, N'Óscar', N'Castro Arias', N'6-1069-5207', CAST(N'1967-10-08' AS DATE), N'oscar.castro.69@demo.cr', N'8805-9526', N'Cartago', N'Oreamuno', N'Primera visita al taller.', 1, CAST(N'2026-04-18T12:30:00' AS DATETIME)),
    (70, N'Mónica', N'Acosta Valverde', N'7-1070-5210', CAST(N'1967-04-22' AS DATE), N'monica.acosta.70@demo.cr', N'7734-8189', N'Heredia', N'San Rafael', N'Cliente frecuente. Prefiere contacto por WhatsApp.', 1, CAST(N'2026-04-20T12:15:00' AS DATETIME)),
    (71, N'Rafael', N'Sánchez Brenes', N'1-1071-5213', CAST(N'1985-07-22' AS DATE), N'rafael.sanchez.71@demo.cr', N'6288-2901', N'Guanacaste', N'Santa Cruz', N'Solicita factura electrónica enviada por correo.', 1, CAST(N'2026-04-22T14:30:00' AS DATETIME)),
    (72, N'Daniela', N'Navarro Camacho', N'2-1072-5216', CAST(N'1983-05-13' AS DATE), N'daniela.navarro.72@demo.cr', N'8604-6586', N'Puntarenas', N'Esparza', N'Consulta disponibilidad de repuestos antes de confirmar la cita.', 1, CAST(N'2026-04-24T11:00:00' AS DATETIME)),
    (73, N'Bryan', N'Salas Fernández', N'3-1073-5219', CAST(N'1972-06-09' AS DATE), N'bryan.salas.73@demo.cr', N'6316-1903', N'Limón', N'Pococí', N'Prefiere pagos por transferencia o SINPE Móvil.', 1, CAST(N'2026-04-26T11:30:00' AS DATETIME)),
    (74, N'Melissa', N'Hidalgo Hidalgo', N'4-1074-5222', CAST(N'1963-10-05' AS DATE), N'melissa.hidalgo.74@demo.cr', N'8719-8255', N'San José', N'Desamparados', N'Trae repuestos propios ocasionalmente.', 1, CAST(N'2026-04-28T14:45:00' AS DATETIME)),
    (75, N'Felipe', N'Umaña Mora', N'5-1075-5225', CAST(N'1983-07-03' AS DATE), N'felipe.umana.75@demo.cr', N'8373-2388', N'San José', N'Curridabat', N'Vehículo de uso diario, requiere entrega rápida.', 1, CAST(N'2026-04-30T12:25:00' AS DATETIME)),
    (76, N'Alejandra', N'Arias Núñez', N'6-1076-5228', CAST(N'1971-02-17' AS DATE), N'alejandra.arias.76@demo.cr', N'6989-8818', N'Alajuela', N'Atenas', N'Proyecto de restauración a mediano plazo.', 1, CAST(N'2026-05-02T11:00:00' AS DATETIME)),
    (77, N'Juan Carlos', N'Barrantes Retana', N'7-1077-5231', CAST(N'1993-07-06' AS DATE), N'juan.carlos.barrantes.77@demo.cr', N'7764-8538', N'Cartago', N'La Unión', N'Solicita fotografías del avance del trabajo.', 1, CAST(N'2026-05-04T08:15:00' AS DATETIME)),
    (78, N'Priscilla', N'Aguilar Bonilla', N'1-1078-5234', CAST(N'1982-10-06' AS DATE), N'priscilla.aguilar.78@demo.cr', N'8763-3665', N'Heredia', N'Belén', N'Interesado en mantenimiento preventivo cada seis meses.', 1, CAST(N'2026-05-06T11:25:00' AS DATETIME)),
    (79, N'Kevin', N'Villalobos Umaña', N'2-1079-5237', CAST(N'1965-02-14' AS DATE), N'kevin.villalobos.79@demo.cr', N'8531-3092', N'Guanacaste', N'Liberia', N'Primera visita al taller.', 1, CAST(N'2026-05-08T10:25:00' AS DATETIME)),
    (80, N'Mariana', N'Vargas Chaves', N'3-1080-5240', CAST(N'1985-03-02' AS DATE), N'mariana.vargas.80@demo.cr', N'8179-2416', N'Puntarenas', N'Central', N'Cliente frecuente. Prefiere contacto por WhatsApp.', 1, CAST(N'2026-05-10T10:45:00' AS DATETIME));
GO
SET IDENTITY_INSERT dbo.clientes OFF;
GO

-- =====================================================
-- SERVICIOS
-- =====================================================

SET IDENTITY_INSERT dbo.servicios ON;
GO
INSERT INTO dbo.servicios (id_servicio, id_categoria, nombre, precio_base, activo) VALUES
    (1, 8, N'Cambio de aceite y filtro', CAST(35000.00 AS DECIMAL(10,2)), 1),
    (2, 8, N'Revisión general 30 puntos', CAST(25000.00 AS DECIMAL(10,2)), 1),
    (3, 8, N'Afinamiento menor de motor', CAST(55000.00 AS DECIMAL(10,2)), 1),
    (4, 8, N'Afinamiento completo de motor', CAST(95000.00 AS DECIMAL(10,2)), 1),
    (5, 8, N'Cambio de refrigerante y revisión de fugas', CAST(42000.00 AS DECIMAL(10,2)), 1),
    (6, 14, N'Revisión pre-DEKRA', CAST(28000.00 AS DECIMAL(10,2)), 1),
    (7, 14, N'Diagnóstico computarizado OBD', CAST(30000.00 AS DECIMAL(10,2)), 1),
    (8, 14, N'Revisión mecánica para compra de vehículo usado', CAST(45000.00 AS DECIMAL(10,2)), 1),
    (9, 13, N'Ajuste y limpieza de frenos', CAST(30000.00 AS DECIMAL(10,2)), 1),
    (10, 13, N'Cambio de pastillas de freno', CAST(42000.00 AS DECIMAL(10,2)), 1),
    (11, 13, N'Cambio de amortiguadores delanteros', CAST(85000.00 AS DECIMAL(10,2)), 1),
    (12, 13, N'Alineamiento y revisión de suspensión', CAST(32000.00 AS DECIMAL(10,2)), 1),
    (13, 9, N'Pulido y encerado de pintura', CAST(60000.00 AS DECIMAL(10,2)), 1),
    (14, 9, N'Pintura de panel individual', CAST(95000.00 AS DECIMAL(10,2)), 1),
    (15, 9, N'Restauración parcial de pintura', CAST(280000.00 AS DECIMAL(10,2)), 1),
    (16, 9, N'Detallado exterior completo', CAST(75000.00 AS DECIMAL(10,2)), 1),
    (17, 10, N'Diagnóstico integral para proyecto clásico', CAST(75000.00 AS DECIMAL(10,2)), 1),
    (18, 10, N'Restauración mecánica de motor clásico', CAST(450000.00 AS DECIMAL(10,2)), 1),
    (19, 10, N'Restauración estética de vehículo clásico', CAST(520000.00 AS DECIMAL(10,2)), 1),
    (20, 11, N'Tapizado de asiento delantero', CAST(85000.00 AS DECIMAL(10,2)), 1),
    (21, 11, N'Restauración de tapicería interior completa', CAST(220000.00 AS DECIMAL(10,2)), 1),
    (22, 12, N'Diagnóstico eléctrico general', CAST(30000.00 AS DECIMAL(10,2)), 1),
    (23, 12, N'Instalación de radio clásico con Bluetooth', CAST(40000.00 AS DECIMAL(10,2)), 1),
    (24, 12, N'Reparación de luces y cableado', CAST(48000.00 AS DECIMAL(10,2)), 1);
GO
SET IDENTITY_INSERT dbo.servicios OFF;
GO

-- =====================================================
-- PRODUCTOS / INVENTARIO
-- =====================================================

SET IDENTITY_INSERT dbo.productos ON;
GO
INSERT INTO dbo.productos (id_producto, id_categoria, nombre, codigo_item, precio_venta, precio_costo, stock_actual, stock_minimo, unidad_medida, proveedor, activo) VALUES
    (1, 6, N'Aceite 10W-30 semisintético 1L', N'INS-001', CAST(5200.00 AS DECIMAL(10,2)), CAST(3900.00 AS DECIMAL(10,2)), 50, 12, N'Litros', N'Repuestos La Guacamaya', 1),
    (2, 6, N'Aceite 5W-30 sintético 1L', N'INS-002', CAST(6900.00 AS DECIMAL(10,2)), CAST(5200.00 AS DECIMAL(10,2)), 2, 10, N'Litros', N'Lubricantes Costa Rica', 1),
    (3, 6, N'Líquido de frenos DOT 4 500ml', N'INS-003', CAST(4200.00 AS DECIMAL(10,2)), CAST(3100.00 AS DECIMAL(10,2)), 82, 8, N'Unidades', N'Importadora Repuestos Ticos', 1),
    (4, 6, N'Refrigerante verde 1 galón', N'INS-004', CAST(7800.00 AS DECIMAL(10,2)), CAST(5900.00 AS DECIMAL(10,2)), 55, 6, N'Galones', N'Repuestos Gigante', 1),
    (5, 7, N'Lija de agua grano 800', N'EST-001', CAST(850.00 AS DECIMAL(10,2)), CAST(450.00 AS DECIMAL(10,2)), 82, 30, N'Unidades', N'Pinturas Sur', 1),
    (6, 7, N'Primer gris automotriz 1/4', N'EST-002', CAST(9800.00 AS DECIMAL(10,2)), CAST(7200.00 AS DECIMAL(10,2)), 52, 6, N'Unidades', N'Pinturas Sur', 1),
    (7, 7, N'Cera líquida automotriz 473ml', N'EST-003', CAST(8900.00 AS DECIMAL(10,2)), CAST(6200.00 AS DECIMAL(10,2)), 89, 8, N'Unidades', N'EPA Costa Rica', 1),
    (8, 7, N'Paño microfibra premium', N'EST-004', CAST(2100.00 AS DECIMAL(10,2)), CAST(1200.00 AS DECIMAL(10,2)), 48, 25, N'Unidades', N'Auto Mercado de Repuestos', 1),
    (9, 1, N'Filtro de aceite Toyota genérico', N'REP-MOT-001', CAST(6500.00 AS DECIMAL(10,2)), CAST(4100.00 AS DECIMAL(10,2)), 92, 8, N'Unidades', N'Repuestos La Guacamaya', 1),
    (10, 1, N'Filtro de aire Toyota Corolla/Yaris', N'REP-MOT-002', CAST(9500.00 AS DECIMAL(10,2)), CAST(6800.00 AS DECIMAL(10,2)), 75, 6, N'Unidades', N'Repuestos Gigante', 1),
    (11, 1, N'Bujía NGK estándar', N'REP-MOT-003', CAST(3200.00 AS DECIMAL(10,2)), CAST(2100.00 AS DECIMAL(10,2)), 74, 24, N'Unidades', N'Importadora Repuestos Ticos', 1),
    (12, 1, N'Cable de bujía universal', N'REP-MOT-004', CAST(12500.00 AS DECIMAL(10,2)), CAST(8800.00 AS DECIMAL(10,2)), 71, 5, N'Juegos', N'Mundorepuestos CR', 1),
    (13, 2, N'Pastillas de freno delanteras sedan', N'FRE-001', CAST(28000.00 AS DECIMAL(10,2)), CAST(20500.00 AS DECIMAL(10,2)), 47, 5, N'Juegos', N'Repuestos La Guacamaya', 1),
    (14, 2, N'Pastillas de freno traseras compactas', N'FRE-002', CAST(26000.00 AS DECIMAL(10,2)), CAST(19000.00 AS DECIMAL(10,2)), 83, 5, N'Juegos', N'Repuestos Gigante', 1),
    (15, 2, N'Disco de freno ventilado', N'FRE-003', CAST(36000.00 AS DECIMAL(10,2)), CAST(26500.00 AS DECIMAL(10,2)), 98, 4, N'Unidades', N'Importadora Repuestos Ticos', 1),
    (16, 2, N'Limpiador de frenos spray', N'FRE-004', CAST(4800.00 AS DECIMAL(10,2)), CAST(3300.00 AS DECIMAL(10,2)), 38, 10, N'Unidades', N'EPA Costa Rica', 1),
    (17, 3, N'Amortiguador delantero sedan', N'SUS-001', CAST(48000.00 AS DECIMAL(10,2)), CAST(36000.00 AS DECIMAL(10,2)), 80, 4, N'Unidades', N'Mundorepuestos CR', 1),
    (18, 3, N'Amortiguador trasero compacto', N'SUS-002', CAST(43000.00 AS DECIMAL(10,2)), CAST(32500.00 AS DECIMAL(10,2)), 54, 4, N'Unidades', N'Repuestos Gigante', 1),
    (19, 3, N'Buje de suspensión universal', N'SUS-003', CAST(7500.00 AS DECIMAL(10,2)), CAST(4900.00 AS DECIMAL(10,2)), 78, 8, N'Unidades', N'Importadora Repuestos Ticos', 1),
    (20, 3, N'Terminal de dirección', N'SUS-004', CAST(18500.00 AS DECIMAL(10,2)), CAST(13200.00 AS DECIMAL(10,2)), 71, 6, N'Unidades', N'Repuestos La Guacamaya', 1),
    (21, 4, N'Batería 12V 45Ah', N'ELE-001', CAST(62000.00 AS DECIMAL(10,2)), CAST(49000.00 AS DECIMAL(10,2)), 57, 3, N'Unidades', N'Baterías LTH Costa Rica', 1),
    (22, 4, N'Bombillo H4 halógeno', N'ELE-002', CAST(3900.00 AS DECIMAL(10,2)), CAST(2400.00 AS DECIMAL(10,2)), 37, 12, N'Unidades', N'EPA Costa Rica', 1),
    (23, 4, N'Fusible automotriz surtido', N'ELE-003', CAST(1200.00 AS DECIMAL(10,2)), CAST(600.00 AS DECIMAL(10,2)), 8, 20, N'Unidades', N'Auto Mercado de Repuestos', 1),
    (24, 4, N'Cable eléctrico automotriz metro', N'ELE-004', CAST(900.00 AS DECIMAL(10,2)), CAST(500.00 AS DECIMAL(10,2)), 27, 40, N'Metros', N'Ferretería Brenes', 1),
    (25, 5, N'Llave de filtro de aceite', N'HER-001', CAST(12500.00 AS DECIMAL(10,2)), CAST(8600.00 AS DECIMAL(10,2)), 20, 3, N'Unidades', N'EPA Costa Rica', 1),
    (26, 5, N'Juego de dados milimétricos', N'HER-002', CAST(42000.00 AS DECIMAL(10,2)), CAST(31500.00 AS DECIMAL(10,2)), 3, 2, N'Juegos', N'Ferretería Brenes', 1),
    (27, 5, N'Gato hidráulico 2 toneladas', N'HER-003', CAST(65000.00 AS DECIMAL(10,2)), CAST(52000.00 AS DECIMAL(10,2)), 13, 1, N'Unidades', N'Ferretería EPA', 1),
    (28, 5, N'Torquímetro 1/2 pulgada', N'HER-004', CAST(58000.00 AS DECIMAL(10,2)), CAST(43000.00 AS DECIMAL(10,2)), 12, 1, N'Unidades', N'Ferretería Brenes', 1),
    (29, 7, N'Pintura automotriz rojo clásico 1/4', N'EST-005', CAST(18500.00 AS DECIMAL(10,2)), CAST(13500.00 AS DECIMAL(10,2)), 55, 5, N'Unidades', N'Pinturas Sur', 1),
    (30, 7, N'Pintura automotriz negro brillante 1/4', N'EST-006', CAST(18200.00 AS DECIMAL(10,2)), CAST(13200.00 AS DECIMAL(10,2)), 82, 5, N'Unidades', N'Pinturas Sur', 1),
    (31, 7, N'Barniz automotriz transparente 1/4', N'EST-007', CAST(16000.00 AS DECIMAL(10,2)), CAST(11800.00 AS DECIMAL(10,2)), 68, 5, N'Unidades', N'Pinturas Sur', 1),
    (32, 7, N'Masilla automotriz 1kg', N'EST-008', CAST(9800.00 AS DECIMAL(10,2)), CAST(7100.00 AS DECIMAL(10,2)), 78, 6, N'Unidades', N'Pinturas Sur', 1),
    (33, 6, N'Desengrasante biodegradable 1L', N'INS-005', CAST(4300.00 AS DECIMAL(10,2)), CAST(2900.00 AS DECIMAL(10,2)), 40, 10, N'Litros', N'EPA Costa Rica', 1),
    (34, 6, N'Grasa multipropósito 400g', N'INS-006', CAST(3600.00 AS DECIMAL(10,2)), CAST(2400.00 AS DECIMAL(10,2)), 88, 8, N'Unidades', N'Ferretería Brenes', 1),
    (35, 1, N'Empaque de tapa de válvulas', N'REP-MOT-005', CAST(14500.00 AS DECIMAL(10,2)), CAST(9800.00 AS DECIMAL(10,2)), 63, 4, N'Unidades', N'Mundorepuestos CR', 1),
    (36, 1, N'Correa de accesorios universal', N'REP-MOT-006', CAST(18500.00 AS DECIMAL(10,2)), CAST(13200.00 AS DECIMAL(10,2)), 72, 5, N'Unidades', N'Importadora Repuestos Ticos', 1),
    (37, 4, N'Radio clásico con Bluetooth', N'ELE-005', CAST(72000.00 AS DECIMAL(10,2)), CAST(54000.00 AS DECIMAL(10,2)), 48, 2, N'Unidades', N'AudioCar CR', 1),
    (38, 4, N'Parlantes 6.5 pulgadas', N'ELE-006', CAST(46000.00 AS DECIMAL(10,2)), CAST(34000.00 AS DECIMAL(10,2)), 26, 2, N'Pares', N'AudioCar CR', 1),
    (39, 7, N'Vinil negro para tapicería metro', N'TAP-001', CAST(8500.00 AS DECIMAL(10,2)), CAST(6000.00 AS DECIMAL(10,2)), 44, 6, N'Metros', N'Tapicería El Progreso', 1),
    (40, 7, N'Espuma para asiento 2 pulgadas', N'TAP-002', CAST(12500.00 AS DECIMAL(10,2)), CAST(8800.00 AS DECIMAL(10,2)), 95, 5, N'Unidades', N'Tapicería El Progreso', 1),
    (41, 7, N'Hilo resistente para tapicería', N'TAP-003', CAST(3500.00 AS DECIMAL(10,2)), CAST(2200.00 AS DECIMAL(10,2)), 45, 8, N'Unidades', N'Tapicería El Progreso', 1),
    (42, 7, N'Alfombra automotriz universal', N'TAP-004', CAST(24000.00 AS DECIMAL(10,2)), CAST(17500.00 AS DECIMAL(10,2)), 59, 3, N'Unidades', N'Tapicería El Progreso', 1),
    (43, 6, N'Limpiador de carburador spray', N'INS-007', CAST(5200.00 AS DECIMAL(10,2)), CAST(3700.00 AS DECIMAL(10,2)), 32, 8, N'Unidades', N'Importadora Repuestos Ticos', 1),
    (44, 1, N'Kit de empaque carburador clásico', N'REP-MOT-007', CAST(32000.00 AS DECIMAL(10,2)), CAST(24000.00 AS DECIMAL(10,2)), 78, 3, N'Kits', N'Mundorepuestos CR', 1),
    (45, 1, N'Bomba de gasolina mecánica clásica', N'REP-MOT-008', CAST(56000.00 AS DECIMAL(10,2)), CAST(42000.00 AS DECIMAL(10,2)), 55, 2, N'Unidades', N'Mundorepuestos CR', 1),
    (46, 6, N'Sellador de juntas alta temperatura', N'INS-008', CAST(6900.00 AS DECIMAL(10,2)), CAST(4900.00 AS DECIMAL(10,2)), 89, 8, N'Unidades', N'EPA Costa Rica', 1),
    (47, 3, N'Rótula inferior sedan', N'SUS-005', CAST(21000.00 AS DECIMAL(10,2)), CAST(15500.00 AS DECIMAL(10,2)), 58, 4, N'Unidades', N'Repuestos Gigante', 1),
    (48, 2, N'Kit de resortes para zapatas', N'FRE-005', CAST(13500.00 AS DECIMAL(10,2)), CAST(9600.00 AS DECIMAL(10,2)), 98, 5, N'Kits', N'Importadora Repuestos Ticos', 1),
    (49, 4, N'Relay automotriz 12V', N'ELE-007', CAST(2800.00 AS DECIMAL(10,2)), CAST(1700.00 AS DECIMAL(10,2)), 8, 15, N'Unidades', N'Auto Mercado de Repuestos', 1),
    (50, 7, N'Removedor de pintura gel 1L', N'EST-009', CAST(11500.00 AS DECIMAL(10,2)), CAST(8200.00 AS DECIMAL(10,2)), 98, 5, N'Litros', N'Pinturas Sur', 1);
GO
SET IDENTITY_INSERT dbo.productos OFF;
GO

-- =====================================================
-- SESIONES DE USUARIO
-- =====================================================

SET IDENTITY_INSERT dbo.sesiones_usuario ON;
GO
INSERT INTO dbo.sesiones_usuario (id_sesion, id_usuario, token_sesion, ip_origen, fecha_inicio, fecha_expiracion, activa) VALUES
    (1, 1, N'token-demo-retrogarage-001-416029', N'192.168.1.21', CAST(N'2026-06-15T09:35:00' AS DATETIME), CAST(N'2026-06-15T17:35:00' AS DATETIME), 1),
    (2, 2, N'token-demo-retrogarage-002-922255', N'192.168.1.22', CAST(N'2026-06-15T10:05:00' AS DATETIME), CAST(N'2026-06-15T18:05:00' AS DATETIME), 1),
    (3, 3, N'token-demo-retrogarage-003-199516', N'192.168.1.23', CAST(N'2026-06-15T11:50:00' AS DATETIME), CAST(N'2026-06-15T19:50:00' AS DATETIME), 0),
    (4, 4, N'token-demo-retrogarage-004-615085', N'192.168.1.24', CAST(N'2026-06-15T12:35:00' AS DATETIME), CAST(N'2026-06-15T20:35:00' AS DATETIME), 1),
    (5, 5, N'token-demo-retrogarage-005-336665', N'192.168.1.25', CAST(N'2026-06-15T13:50:00' AS DATETIME), CAST(N'2026-06-15T21:50:00' AS DATETIME), 1),
    (6, 6, N'token-demo-retrogarage-006-458011', N'192.168.1.26', CAST(N'2026-06-15T14:50:00' AS DATETIME), CAST(N'2026-06-15T22:50:00' AS DATETIME), 0),
    (7, 7, N'token-demo-retrogarage-007-103115', N'192.168.1.27', CAST(N'2026-06-15T15:50:00' AS DATETIME), CAST(N'2026-06-15T23:50:00' AS DATETIME), 1),
    (8, 8, N'token-demo-retrogarage-008-159108', N'192.168.1.28', CAST(N'2026-06-15T16:05:00' AS DATETIME), CAST(N'2026-06-16T00:05:00' AS DATETIME), 1),
    (9, 9, N'token-demo-retrogarage-009-782185', N'192.168.1.29', CAST(N'2026-06-15T17:05:00' AS DATETIME), CAST(N'2026-06-16T01:05:00' AS DATETIME), 0),
    (10, 10, N'token-demo-retrogarage-010-545067', N'192.168.1.30', CAST(N'2026-06-15T18:50:00' AS DATETIME), CAST(N'2026-06-16T02:50:00' AS DATETIME), 1);
GO
SET IDENTITY_INSERT dbo.sesiones_usuario OFF;
GO

-- =====================================================
-- RECUPERACIÓN DE CONTRASEÑA
-- =====================================================

SET IDENTITY_INSERT dbo.recuperacion_contrasena ON;
GO
INSERT INTO dbo.recuperacion_contrasena (id_recuperacion, id_usuario, codigo_hash, fecha_expiracion, usado, ip_solicitud, fecha_solicitud) VALUES
    (1, 2, N'$2b$10$RecoveryDemoHash010000000000000000000000000000000', CAST(N'2026-05-23T10:00:00' AS DATETIME), 1, N'192.168.1.51', CAST(N'2026-05-23T09:00:00' AS DATETIME)),
    (2, 5, N'$2b$10$RecoveryDemoHash020000000000000000000000000000000', CAST(N'2026-05-26T11:00:00' AS DATETIME), 0, N'192.168.1.52', CAST(N'2026-05-26T10:00:00' AS DATETIME)),
    (3, 7, N'$2b$10$RecoveryDemoHash030000000000000000000000000000000', CAST(N'2026-05-29T12:00:00' AS DATETIME), 0, N'192.168.1.53', CAST(N'2026-05-29T11:00:00' AS DATETIME)),
    (4, 9, N'$2b$10$RecoveryDemoHash040000000000000000000000000000000', CAST(N'2026-06-01T13:00:00' AS DATETIME), 1, N'192.168.1.54', CAST(N'2026-06-01T12:00:00' AS DATETIME)),
    (5, 10, N'$2b$10$RecoveryDemoHash050000000000000000000000000000000', CAST(N'2026-06-04T14:00:00' AS DATETIME), 0, N'192.168.1.55', CAST(N'2026-06-04T13:00:00' AS DATETIME)),
    (6, 11, N'$2b$10$RecoveryDemoHash060000000000000000000000000000000', CAST(N'2026-06-07T15:00:00' AS DATETIME), 0, N'192.168.1.56', CAST(N'2026-06-07T14:00:00' AS DATETIME));
GO
SET IDENTITY_INSERT dbo.recuperacion_contrasena OFF;
GO

-- =====================================================
-- CITAS HISTÓRICAS Y FUTURAS
-- =====================================================

SET IDENTITY_INSERT dbo.citas ON;
GO
INSERT INTO dbo.citas (id_cita, id_cliente, id_servicio, marca_vehiculo, modelo_vehiculo, anio_vehiculo, fecha, hora, descripcion, estado, fecha_registro) VALUES
    (1, 6, 18, N'Ford', N'Mustang', 1967, CAST(N'2026-01-22' AS DATE), CAST(N'11:00:00' AS TIME), N'Restauración mecánica de motor clásico.', N'COMPLETADA', CAST(N'2026-01-17T04:45:00' AS DATETIME)),
    (2, 56, 22, N'Toyota', N'Hilux', 2001, CAST(N'2026-04-17' AS DATE), CAST(N'08:00:00' AS TIME), N'Diagnóstico por fallas eléctricas intermitentes.', N'COMPLETADA', CAST(N'2026-04-11T05:30:00' AS DATETIME)),
    (3, 74, 6, N'Toyota', N'Hilux', 2001, CAST(N'2026-01-07' AS DATE), CAST(N'11:00:00' AS TIME), N'Revisión previa a inspección técnica vehicular.', N'COMPLETADA', CAST(N'2026-01-04T07:15:00' AS DATETIME)),
    (4, 23, 20, N'Toyota', N'Corolla', 1999, CAST(N'2026-01-28' AS DATE), CAST(N'08:00:00' AS TIME), N'Tapizado de asiento delantero con vinil automotriz.', N'COMPLETADA', CAST(N'2026-01-23T06:00:00' AS DATETIME)),
    (5, 49, 24, N'Datsun', N'120Y', 1976, CAST(N'2026-02-26' AS DATE), CAST(N'09:30:00' AS TIME), N'Corrección de luces, fusibles y cableado.', N'COMPLETADA', CAST(N'2026-02-13T06:45:00' AS DATETIME)),
    (6, 15, 1, N'Chevrolet', N'C10', 1972, CAST(N'2026-04-14' AS DATE), CAST(N'09:30:00' AS TIME), N'Cambio preventivo con aceite y filtro; revisión visual de fugas.', N'COMPLETADA', CAST(N'2026-03-27T04:15:00' AS DATETIME)),
    (7, 41, 12, N'Jeep', N'CJ7', 1985, CAST(N'2026-05-19' AS DATE), CAST(N'16:00:00' AS TIME), N'Revisión de suspensión, dirección y alineamiento.', N'COMPLETADA', CAST(N'2026-05-17T04:00:00' AS DATETIME)),
    (8, 7, 7, N'Ford', N'Mustang', 1967, CAST(N'2026-06-12' AS DATE), CAST(N'09:30:00' AS TIME), N'Lectura OBD y validación de códigos activos.', N'COMPLETADA', CAST(N'2026-05-23T07:00:00' AS DATETIME)),
    (9, 24, 13, N'Mazda', N'B2200', 1992, CAST(N'2026-04-17' AS DATE), CAST(N'11:00:00' AS TIME), N'Pulido para recuperar brillo de pintura.', N'COMPLETADA', CAST(N'2026-03-31T05:00:00' AS DATETIME)),
    (10, 7, 4, N'Nissan', N'Sentra B13', 1994, CAST(N'2026-01-21' AS DATE), CAST(N'09:30:00' AS TIME), N'Servicio completo de afinamiento con bujías y filtros.', N'COMPLETADA', CAST(N'2026-01-05T08:00:00' AS DATETIME)),
    (11, 24, 4, N'Toyota', N'Corolla', 1999, CAST(N'2026-05-09' AS DATE), CAST(N'13:00:00' AS TIME), N'Servicio completo de afinamiento con bujías y filtros.', N'COMPLETADA', CAST(N'2026-04-22T05:00:00' AS DATETIME)),
    (12, 8, 6, N'Mercedes-Benz', N'W123', 1981, CAST(N'2026-06-13' AS DATE), CAST(N'09:30:00' AS TIME), N'Revisión previa a inspección técnica vehicular.', N'COMPLETADA', CAST(N'2026-05-31T04:15:00' AS DATETIME)),
    (13, 17, 13, N'Volkswagen', N'Beetle', 1978, CAST(N'2026-03-04' AS DATE), CAST(N'08:00:00' AS TIME), N'Pulido para recuperar brillo de pintura.', N'COMPLETADA', CAST(N'2026-02-15T05:00:00' AS DATETIME)),
    (14, 80, 17, N'Honda', N'Civic', 1998, CAST(N'2026-06-06' AS DATE), CAST(N'16:00:00' AS TIME), N'Diagnóstico inicial de proyecto clásico.', N'COMPLETADA', CAST(N'2026-05-30T07:15:00' AS DATETIME)),
    (15, 49, 9, N'Hyundai', N'Accent', 2010, CAST(N'2026-03-10' AS DATE), CAST(N'16:00:00' AS TIME), N'Limpieza de calipers, ajuste y prueba de frenado.', N'COMPLETADA', CAST(N'2026-02-26T04:00:00' AS DATETIME)),
    (16, 20, 12, N'Chevrolet', N'C10', 1972, CAST(N'2026-01-20' AS DATE), CAST(N'13:00:00' AS TIME), N'Revisión de suspensión, dirección y alineamiento.', N'COMPLETADA', CAST(N'2026-01-10T07:15:00' AS DATETIME)),
    (17, 21, 3, N'Jeep', N'CJ7', 1985, CAST(N'2026-01-13' AS DATE), CAST(N'08:00:00' AS TIME), N'Afinamiento menor por consumo elevado y marcha irregular.', N'COMPLETADA', CAST(N'2025-12-29T08:00:00' AS DATETIME)),
    (18, 12, 13, N'Ford', N'Mustang', 1967, CAST(N'2026-04-02' AS DATE), CAST(N'08:00:00' AS TIME), N'Pulido para recuperar brillo de pintura.', N'COMPLETADA', CAST(N'2026-03-14T05:45:00' AS DATETIME)),
    (19, 18, 10, N'Toyota', N'Corolla', 1999, CAST(N'2026-06-01' AS DATE), CAST(N'14:30:00' AS TIME), N'Cambio de pastillas y revisión de discos.', N'COMPLETADA', CAST(N'2026-05-17T05:00:00' AS DATETIME)),
    (20, 5, 13, N'Toyota', N'Hilux', 2001, CAST(N'2026-02-04' AS DATE), CAST(N'09:30:00' AS TIME), N'Pulido para recuperar brillo de pintura.', N'COMPLETADA', CAST(N'2026-01-20T04:30:00' AS DATETIME)),
    (21, 63, 24, N'Toyota', N'Land Cruiser FJ40', 1977, CAST(N'2026-05-15' AS DATE), CAST(N'16:00:00' AS TIME), N'Corrección de luces, fusibles y cableado.', N'COMPLETADA', CAST(N'2026-05-05T05:00:00' AS DATETIME)),
    (22, 45, 6, N'Dodge', N'Dart', 1975, CAST(N'2026-03-23' AS DATE), CAST(N'08:00:00' AS TIME), N'Revisión previa a inspección técnica vehicular.', N'COMPLETADA', CAST(N'2026-03-04T05:30:00' AS DATETIME)),
    (23, 61, 8, N'Kia', N'Sportage', 2012, CAST(N'2026-02-04' AS DATE), CAST(N'16:00:00' AS TIME), N'Inspección solicitada antes de compra del vehículo.', N'COMPLETADA', CAST(N'2026-01-20T07:45:00' AS DATETIME)),
    (24, 29, 6, N'Kia', N'Sportage', 2012, CAST(N'2026-02-16' AS DATE), CAST(N'11:00:00' AS TIME), N'Revisión previa a inspección técnica vehicular.', N'COMPLETADA', CAST(N'2026-02-01T04:00:00' AS DATETIME)),
    (25, 34, 22, N'Datsun', N'120Y', 1976, CAST(N'2026-01-12' AS DATE), CAST(N'09:30:00' AS TIME), N'Diagnóstico por fallas eléctricas intermitentes. Cita cancelada por el cliente antes de iniciar el trabajo.', N'CANCELADA', CAST(N'2025-12-29T07:00:00' AS DATETIME)),
    (26, 46, 16, N'Honda', N'Civic', 1998, CAST(N'2026-05-04' AS DATE), CAST(N'08:00:00' AS TIME), N'Detallado exterior con lavado, descontaminado y encerado.', N'COMPLETADA', CAST(N'2026-05-01T07:30:00' AS DATETIME)),
    (27, 71, 1, N'Toyota', N'Land Cruiser FJ40', 1977, CAST(N'2026-04-09' AS DATE), CAST(N'11:00:00' AS TIME), N'Cambio preventivo con aceite y filtro; revisión visual de fugas.', N'COMPLETADA', CAST(N'2026-04-04T03:30:00' AS DATETIME)),
    (28, 9, 4, N'Suzuki', N'Sidekick', 1996, CAST(N'2026-02-17' AS DATE), CAST(N'11:00:00' AS TIME), N'Servicio completo de afinamiento con bujías y filtros.', N'COMPLETADA', CAST(N'2026-02-10T03:45:00' AS DATETIME)),
    (29, 14, 2, N'Mercedes-Benz', N'W123', 1981, CAST(N'2026-03-30' AS DATE), CAST(N'16:00:00' AS TIME), N'Revisión general solicitada antes de viaje largo. Cita cancelada por el cliente antes de iniciar el trabajo.', N'CANCELADA', CAST(N'2026-03-11T06:00:00' AS DATETIME)),
    (30, 66, 11, N'Toyota', N'Corolla', 1999, CAST(N'2026-05-01' AS DATE), CAST(N'16:00:00' AS TIME), N'Cambio de amortiguadores por ruido en tren delantero.', N'COMPLETADA', CAST(N'2026-04-29T03:15:00' AS DATETIME)),
    (31, 55, 8, N'Kia', N'Sportage', 2012, CAST(N'2026-03-23' AS DATE), CAST(N'14:30:00' AS TIME), N'Inspección solicitada antes de compra del vehículo.', N'COMPLETADA', CAST(N'2026-03-07T07:30:00' AS DATETIME)),
    (32, 33, 10, N'Chevrolet', N'C10', 1972, CAST(N'2026-01-06' AS DATE), CAST(N'13:00:00' AS TIME), N'Cambio de pastillas y revisión de discos.', N'COMPLETADA', CAST(N'2025-12-25T04:45:00' AS DATETIME)),
    (33, 19, 13, N'Toyota', N'Yaris', 2008, CAST(N'2026-05-11' AS DATE), CAST(N'13:00:00' AS TIME), N'Pulido para recuperar brillo de pintura.', N'COMPLETADA', CAST(N'2026-04-28T08:00:00' AS DATETIME)),
    (34, 15, 2, N'Honda', N'Civic', 1998, CAST(N'2026-05-20' AS DATE), CAST(N'14:30:00' AS TIME), N'Revisión general solicitada antes de viaje largo. Cita cancelada por el cliente antes de iniciar el trabajo.', N'CANCELADA', CAST(N'2026-04-30T08:00:00' AS DATETIME)),
    (35, 54, 2, N'Dodge', N'Dart', 1975, CAST(N'2026-04-01' AS DATE), CAST(N'14:30:00' AS TIME), N'Revisión general solicitada antes de viaje largo. Cita cancelada por el cliente antes de iniciar el trabajo.', N'CANCELADA', CAST(N'2026-03-20T06:15:00' AS DATETIME)),
    (36, 27, 1, N'Hyundai', N'Accent', 2010, CAST(N'2026-05-21' AS DATE), CAST(N'09:30:00' AS TIME), N'Cambio preventivo con aceite y filtro; revisión visual de fugas.', N'COMPLETADA', CAST(N'2026-05-07T07:15:00' AS DATETIME)),
    (37, 13, 1, N'Kia', N'Sportage', 2012, CAST(N'2026-04-10' AS DATE), CAST(N'11:00:00' AS TIME), N'Cambio preventivo con aceite y filtro; revisión visual de fugas. Cita cancelada por el cliente antes de iniciar el trabajo.', N'CANCELADA', CAST(N'2026-04-07T07:30:00' AS DATETIME)),
    (38, 52, 7, N'Daihatsu', N'Feroza', 1995, CAST(N'2026-06-10' AS DATE), CAST(N'16:00:00' AS TIME), N'Lectura OBD y validación de códigos activos. Cita cancelada por el cliente antes de iniciar el trabajo.', N'CANCELADA', CAST(N'2026-05-27T07:00:00' AS DATETIME)),
    (39, 3, 22, N'Toyota', N'Corolla', 1999, CAST(N'2026-05-21' AS DATE), CAST(N'16:00:00' AS TIME), N'Diagnóstico por fallas eléctricas intermitentes.', N'COMPLETADA', CAST(N'2026-05-01T04:15:00' AS DATETIME)),
    (40, 76, 4, N'Mitsubishi', N'Montero', 1997, CAST(N'2026-03-11' AS DATE), CAST(N'13:00:00' AS TIME), N'Servicio completo de afinamiento con bujías y filtros.', N'COMPLETADA', CAST(N'2026-03-03T08:00:00' AS DATETIME)),
    (41, 20, 7, N'Chevrolet', N'C10', 1972, CAST(N'2026-01-31' AS DATE), CAST(N'13:00:00' AS TIME), N'Lectura OBD y validación de códigos activos.', N'COMPLETADA', CAST(N'2026-01-22T03:15:00' AS DATETIME)),
    (42, 1, 15, N'Toyota', N'Hilux', 2001, CAST(N'2026-06-01' AS DATE), CAST(N'11:00:00' AS TIME), N'Trabajo parcial de pintura en proyecto de restauración. Cita cancelada por el cliente antes de iniciar el trabajo.', N'CANCELADA', CAST(N'2026-05-19T05:45:00' AS DATETIME)),
    (43, 25, 1, N'Toyota', N'Corolla', 1999, CAST(N'2026-06-01' AS DATE), CAST(N'08:00:00' AS TIME), N'Cambio preventivo con aceite y filtro; revisión visual de fugas.', N'COMPLETADA', CAST(N'2026-05-13T05:15:00' AS DATETIME)),
    (44, 50, 24, N'Volkswagen', N'Beetle', 1978, CAST(N'2026-04-08' AS DATE), CAST(N'14:30:00' AS TIME), N'Corrección de luces, fusibles y cableado. Cita cancelada por el cliente antes de iniciar el trabajo.', N'CANCELADA', CAST(N'2026-03-20T06:45:00' AS DATETIME)),
    (45, 1, 11, N'BMW', N'E30', 1989, CAST(N'2026-04-27' AS DATE), CAST(N'14:30:00' AS TIME), N'Cambio de amortiguadores por ruido en tren delantero.', N'COMPLETADA', CAST(N'2026-04-13T06:15:00' AS DATETIME)),
    (46, 9, 24, N'Mitsubishi', N'Montero', 1997, CAST(N'2026-01-31' AS DATE), CAST(N'08:00:00' AS TIME), N'Corrección de luces, fusibles y cableado.', N'COMPLETADA', CAST(N'2026-01-13T07:00:00' AS DATETIME)),
    (47, 38, 3, N'Mercedes-Benz', N'W123', 1981, CAST(N'2026-01-08' AS DATE), CAST(N'09:30:00' AS TIME), N'Afinamiento menor por consumo elevado y marcha irregular.', N'COMPLETADA', CAST(N'2025-12-19T06:45:00' AS DATETIME)),
    (48, 79, 8, N'Jeep', N'CJ7', 1985, CAST(N'2026-04-23' AS DATE), CAST(N'16:00:00' AS TIME), N'Inspección solicitada antes de compra del vehículo.', N'COMPLETADA', CAST(N'2026-04-21T08:00:00' AS DATETIME)),
    (49, 61, 1, N'Hyundai', N'Accent', 2010, CAST(N'2026-04-06' AS DATE), CAST(N'08:00:00' AS TIME), N'Cambio preventivo con aceite y filtro; revisión visual de fugas.', N'COMPLETADA', CAST(N'2026-03-21T03:15:00' AS DATETIME)),
    (50, 4, 13, N'Hyundai', N'Accent', 2010, CAST(N'2026-04-21' AS DATE), CAST(N'16:00:00' AS TIME), N'Pulido para recuperar brillo de pintura.', N'COMPLETADA', CAST(N'2026-04-11T05:45:00' AS DATETIME)),
    (51, 27, 7, N'Datsun', N'120Y', 1976, CAST(N'2026-01-21' AS DATE), CAST(N'16:00:00' AS TIME), N'Lectura OBD y validación de códigos activos.', N'COMPLETADA', CAST(N'2026-01-07T08:00:00' AS DATETIME)),
    (52, 24, 24, N'Ford', N'Mustang', 1967, CAST(N'2026-01-05' AS DATE), CAST(N'11:00:00' AS TIME), N'Corrección de luces, fusibles y cableado.', N'COMPLETADA', CAST(N'2025-12-25T04:15:00' AS DATETIME)),
    (53, 10, 3, N'Mitsubishi', N'Montero', 1997, CAST(N'2026-01-26' AS DATE), CAST(N'13:00:00' AS TIME), N'Afinamiento menor por consumo elevado y marcha irregular.', N'COMPLETADA', CAST(N'2026-01-12T07:30:00' AS DATETIME)),
    (54, 11, 19, N'Toyota', N'Starlet', 1984, CAST(N'2026-01-08' AS DATE), CAST(N'16:00:00' AS TIME), N'Restauración estética de carrocería e interiores.', N'COMPLETADA', CAST(N'2025-12-23T07:00:00' AS DATETIME)),
    (55, 3, 8, N'Ford', N'Mustang', 1967, CAST(N'2026-04-17' AS DATE), CAST(N'16:00:00' AS TIME), N'Inspección solicitada antes de compra del vehículo.', N'COMPLETADA', CAST(N'2026-04-10T06:30:00' AS DATETIME)),
    (56, 67, 11, N'Datsun', N'120Y', 1976, CAST(N'2026-06-06' AS DATE), CAST(N'09:30:00' AS TIME), N'Cambio de amortiguadores por ruido en tren delantero.', N'COMPLETADA', CAST(N'2026-05-31T06:30:00' AS DATETIME)),
    (57, 29, 19, N'Honda', N'Civic', 1998, CAST(N'2026-01-19' AS DATE), CAST(N'13:00:00' AS TIME), N'Restauración estética de carrocería e interiores.', N'COMPLETADA', CAST(N'2026-01-07T03:30:00' AS DATETIME)),
    (58, 28, 10, N'Datsun', N'120Y', 1976, CAST(N'2026-04-30' AS DATE), CAST(N'08:00:00' AS TIME), N'Cambio de pastillas y revisión de discos.', N'COMPLETADA', CAST(N'2026-04-10T04:15:00' AS DATETIME)),
    (59, 63, 3, N'Toyota', N'Corolla', 1999, CAST(N'2026-06-11' AS DATE), CAST(N'08:00:00' AS TIME), N'Afinamiento menor por consumo elevado y marcha irregular.', N'COMPLETADA', CAST(N'2026-05-23T05:15:00' AS DATETIME)),
    (60, 20, 1, N'Jeep', N'CJ7', 1985, CAST(N'2026-06-15' AS DATE), CAST(N'13:00:00' AS TIME), N'Cambio preventivo con aceite y filtro; revisión visual de fugas.', N'COMPLETADA', CAST(N'2026-06-05T06:00:00' AS DATETIME)),
    (61, 10, 14, N'Mazda', N'B2200', 1992, CAST(N'2026-02-12' AS DATE), CAST(N'16:00:00' AS TIME), N'Reparación y pintura de panel con rayón profundo.', N'COMPLETADA', CAST(N'2026-02-04T03:15:00' AS DATETIME)),
    (62, 58, 3, N'Mercedes-Benz', N'W123', 1981, CAST(N'2026-04-23' AS DATE), CAST(N'08:00:00' AS TIME), N'Afinamiento menor por consumo elevado y marcha irregular.', N'COMPLETADA', CAST(N'2026-04-04T04:45:00' AS DATETIME)),
    (63, 51, 1, N'Mercedes-Benz', N'W123', 1981, CAST(N'2026-02-28' AS DATE), CAST(N'08:00:00' AS TIME), N'Cambio preventivo con aceite y filtro; revisión visual de fugas.', N'COMPLETADA', CAST(N'2026-02-14T06:30:00' AS DATETIME)),
    (64, 80, 10, N'Honda', N'Civic', 1998, CAST(N'2026-06-16' AS DATE), CAST(N'14:30:00' AS TIME), N'Cambio de pastillas y revisión de discos.', N'COMPLETADA', CAST(N'2026-06-08T04:45:00' AS DATETIME)),
    (65, 74, 8, N'Hyundai', N'Accent', 2010, CAST(N'2026-04-17' AS DATE), CAST(N'14:30:00' AS TIME), N'Inspección solicitada antes de compra del vehículo.', N'COMPLETADA', CAST(N'2026-04-13T08:00:00' AS DATETIME)),
    (66, 60, 1, N'Kia', N'Sportage', 2012, CAST(N'2026-04-11' AS DATE), CAST(N'13:00:00' AS TIME), N'Cambio preventivo con aceite y filtro; revisión visual de fugas.', N'COMPLETADA', CAST(N'2026-04-01T08:00:00' AS DATETIME)),
    (67, 58, 14, N'Nissan', N'Sentra B13', 1994, CAST(N'2026-04-14' AS DATE), CAST(N'14:30:00' AS TIME), N'Reparación y pintura de panel con rayón profundo.', N'COMPLETADA', CAST(N'2026-04-08T05:30:00' AS DATETIME)),
    (68, 1, 16, N'Nissan', N'Sentra B13', 1994, CAST(N'2026-03-25' AS DATE), CAST(N'11:00:00' AS TIME), N'Detallado exterior con lavado, descontaminado y encerado.', N'COMPLETADA', CAST(N'2026-03-12T05:45:00' AS DATETIME)),
    (69, 34, 6, N'Mercedes-Benz', N'W123', 1981, CAST(N'2026-01-30' AS DATE), CAST(N'08:00:00' AS TIME), N'Revisión previa a inspección técnica vehicular.', N'COMPLETADA', CAST(N'2026-01-20T05:00:00' AS DATETIME)),
    (70, 61, 1, N'Toyota', N'Corolla', 1999, CAST(N'2026-05-18' AS DATE), CAST(N'08:00:00' AS TIME), N'Cambio preventivo con aceite y filtro; revisión visual de fugas.', N'COMPLETADA', CAST(N'2026-05-05T06:30:00' AS DATETIME)),
    (71, 10, 4, N'Chevrolet', N'C10', 1972, CAST(N'2026-04-22' AS DATE), CAST(N'08:00:00' AS TIME), N'Servicio completo de afinamiento con bujías y filtros.', N'COMPLETADA', CAST(N'2026-04-13T06:30:00' AS DATETIME)),
    (72, 64, 6, N'Daihatsu', N'Feroza', 1995, CAST(N'2026-03-27' AS DATE), CAST(N'16:00:00' AS TIME), N'Revisión previa a inspección técnica vehicular.', N'COMPLETADA', CAST(N'2026-03-07T04:00:00' AS DATETIME)),
    (73, 66, 5, N'Nissan', N'Sentra B13', 1994, CAST(N'2026-02-27' AS DATE), CAST(N'11:00:00' AS TIME), N'Revisión de temperatura y cambio de refrigerante.', N'COMPLETADA', CAST(N'2026-02-16T07:15:00' AS DATETIME)),
    (74, 77, 3, N'Toyota', N'Hilux', 2001, CAST(N'2026-06-08' AS DATE), CAST(N'13:00:00' AS TIME), N'Afinamiento menor por consumo elevado y marcha irregular.', N'COMPLETADA', CAST(N'2026-06-04T06:15:00' AS DATETIME)),
    (75, 55, 6, N'Suzuki', N'Sidekick', 1996, CAST(N'2026-01-27' AS DATE), CAST(N'11:00:00' AS TIME), N'Revisión previa a inspección técnica vehicular.', N'COMPLETADA', CAST(N'2026-01-07T05:45:00' AS DATETIME)),
    (76, 57, 1, N'Toyota', N'Starlet', 1984, CAST(N'2026-05-25' AS DATE), CAST(N'13:00:00' AS TIME), N'Cambio preventivo con aceite y filtro; revisión visual de fugas.', N'COMPLETADA', CAST(N'2026-05-21T07:30:00' AS DATETIME)),
    (77, 42, 3, N'Mitsubishi', N'Montero', 1997, CAST(N'2026-05-18' AS DATE), CAST(N'14:30:00' AS TIME), N'Afinamiento menor por consumo elevado y marcha irregular. Cita cancelada por el cliente antes de iniciar el trabajo.', N'CANCELADA', CAST(N'2026-05-16T08:00:00' AS DATETIME)),
    (78, 56, 17, N'Nissan', N'Sentra B13', 1994, CAST(N'2026-04-18' AS DATE), CAST(N'11:00:00' AS TIME), N'Diagnóstico inicial de proyecto clásico.', N'COMPLETADA', CAST(N'2026-04-13T03:45:00' AS DATETIME)),
    (79, 7, 3, N'Toyota', N'Land Cruiser FJ40', 1977, CAST(N'2026-02-19' AS DATE), CAST(N'16:00:00' AS TIME), N'Afinamiento menor por consumo elevado y marcha irregular. Cita cancelada por el cliente antes de iniciar el trabajo.', N'CANCELADA', CAST(N'2026-02-14T04:15:00' AS DATETIME)),
    (80, 7, 23, N'Mercedes-Benz', N'W123', 1981, CAST(N'2026-02-12' AS DATE), CAST(N'08:00:00' AS TIME), N'Instalación de radio manteniendo estética clásica.', N'COMPLETADA', CAST(N'2026-02-02T03:15:00' AS DATETIME)),
    (81, 79, 13, N'Honda', N'CR-V', 2003, CAST(N'2026-05-07' AS DATE), CAST(N'08:00:00' AS TIME), N'Pulido para recuperar brillo de pintura.', N'COMPLETADA', CAST(N'2026-05-02T05:30:00' AS DATETIME)),
    (82, 49, 24, N'Volkswagen', N'Golf Mk2', 1988, CAST(N'2026-04-21' AS DATE), CAST(N'13:00:00' AS TIME), N'Corrección de luces, fusibles y cableado.', N'COMPLETADA', CAST(N'2026-04-13T07:30:00' AS DATETIME)),
    (83, 70, 10, N'Toyota', N'Corolla', 1999, CAST(N'2026-05-11' AS DATE), CAST(N'09:30:00' AS TIME), N'Cambio de pastillas y revisión de discos.', N'COMPLETADA', CAST(N'2026-04-28T03:30:00' AS DATETIME)),
    (84, 28, 16, N'BMW', N'E30', 1989, CAST(N'2026-06-10' AS DATE), CAST(N'14:30:00' AS TIME), N'Detallado exterior con lavado, descontaminado y encerado.', N'COMPLETADA', CAST(N'2026-05-22T07:45:00' AS DATETIME)),
    (85, 42, 8, N'Mazda', N'B2200', 1992, CAST(N'2026-01-24' AS DATE), CAST(N'16:00:00' AS TIME), N'Inspección solicitada antes de compra del vehículo.', N'COMPLETADA', CAST(N'2026-01-13T07:00:00' AS DATETIME)),
    (86, 48, 12, N'Toyota', N'Yaris', 2008, CAST(N'2026-05-28' AS DATE), CAST(N'16:00:00' AS TIME), N'Revisión de suspensión, dirección y alineamiento.', N'COMPLETADA', CAST(N'2026-05-13T05:30:00' AS DATETIME)),
    (87, 71, 5, N'Suzuki', N'Sidekick', 1996, CAST(N'2026-04-20' AS DATE), CAST(N'11:00:00' AS TIME), N'Revisión de temperatura y cambio de refrigerante.', N'COMPLETADA', CAST(N'2026-04-06T08:00:00' AS DATETIME)),
    (88, 64, 9, N'Suzuki', N'Sidekick', 1996, CAST(N'2026-04-27' AS DATE), CAST(N'08:00:00' AS TIME), N'Limpieza de calipers, ajuste y prueba de frenado.', N'COMPLETADA', CAST(N'2026-04-19T06:45:00' AS DATETIME)),
    (89, 60, 21, N'Volkswagen', N'Beetle', 1978, CAST(N'2026-01-06' AS DATE), CAST(N'11:00:00' AS TIME), N'Restauración interior completa.', N'COMPLETADA', CAST(N'2025-12-22T05:45:00' AS DATETIME)),
    (90, 56, 1, N'Nissan', N'D21', 1993, CAST(N'2026-03-16' AS DATE), CAST(N'13:00:00' AS TIME), N'Cambio preventivo con aceite y filtro; revisión visual de fugas.', N'COMPLETADA', CAST(N'2026-02-24T07:30:00' AS DATETIME)),
    (91, 35, 9, N'Kia', N'Sportage', 2012, CAST(N'2026-02-23' AS DATE), CAST(N'16:00:00' AS TIME), N'Limpieza de calipers, ajuste y prueba de frenado. Cita cancelada por el cliente antes de iniciar el trabajo.', N'CANCELADA', CAST(N'2026-02-17T03:15:00' AS DATETIME)),
    (92, 70, 4, N'Toyota', N'Starlet', 1984, CAST(N'2026-04-10' AS DATE), CAST(N'09:30:00' AS TIME), N'Servicio completo de afinamiento con bujías y filtros.', N'COMPLETADA', CAST(N'2026-03-28T06:45:00' AS DATETIME)),
    (93, 7, 24, N'Volkswagen', N'Beetle', 1978, CAST(N'2026-04-28' AS DATE), CAST(N'08:00:00' AS TIME), N'Corrección de luces, fusibles y cableado.', N'COMPLETADA', CAST(N'2026-04-21T07:15:00' AS DATETIME)),
    (94, 74, 3, N'Chevrolet', N'C10', 1972, CAST(N'2026-06-09' AS DATE), CAST(N'13:00:00' AS TIME), N'Afinamiento menor por consumo elevado y marcha irregular.', N'COMPLETADA', CAST(N'2026-06-04T06:00:00' AS DATETIME)),
    (95, 78, 20, N'Daihatsu', N'Feroza', 1995, CAST(N'2026-06-15' AS DATE), CAST(N'14:30:00' AS TIME), N'Tapizado de asiento delantero con vinil automotriz.', N'COMPLETADA', CAST(N'2026-06-03T07:30:00' AS DATETIME)),
    (96, 40, 2, N'Mazda', N'B2200', 1992, CAST(N'2026-02-06' AS DATE), CAST(N'13:00:00' AS TIME), N'Revisión general solicitada antes de viaje largo.', N'COMPLETADA', CAST(N'2026-01-24T04:30:00' AS DATETIME)),
    (97, 45, 17, N'Dodge', N'Dart', 1975, CAST(N'2026-06-10' AS DATE), CAST(N'13:00:00' AS TIME), N'Diagnóstico inicial de proyecto clásico.', N'COMPLETADA', CAST(N'2026-06-04T04:30:00' AS DATETIME)),
    (98, 2, 3, N'Ford', N'Mustang', 1967, CAST(N'2026-06-02' AS DATE), CAST(N'16:00:00' AS TIME), N'Afinamiento menor por consumo elevado y marcha irregular.', N'COMPLETADA', CAST(N'2026-05-14T04:30:00' AS DATETIME)),
    (99, 43, 10, N'Nissan', N'D21', 1993, CAST(N'2026-03-23' AS DATE), CAST(N'16:00:00' AS TIME), N'Cambio de pastillas y revisión de discos. Cita cancelada por el cliente antes de iniciar el trabajo.', N'CANCELADA', CAST(N'2026-03-10T05:30:00' AS DATETIME)),
    (100, 5, 22, N'Suzuki', N'Sidekick', 1996, CAST(N'2026-03-16' AS DATE), CAST(N'11:00:00' AS TIME), N'Diagnóstico por fallas eléctricas intermitentes.', N'COMPLETADA', CAST(N'2026-03-12T07:15:00' AS DATETIME)),
    (101, 5, 13, N'Mazda', N'B2200', 1992, CAST(N'2026-05-13' AS DATE), CAST(N'11:00:00' AS TIME), N'Pulido para recuperar brillo de pintura.', N'COMPLETADA', CAST(N'2026-04-30T03:30:00' AS DATETIME)),
    (102, 41, 2, N'Suzuki', N'Sidekick', 1996, CAST(N'2026-01-12' AS DATE), CAST(N'08:00:00' AS TIME), N'Revisión general solicitada antes de viaje largo.', N'COMPLETADA', CAST(N'2025-12-24T05:15:00' AS DATETIME)),
    (103, 6, 10, N'Nissan', N'Sentra B13', 1994, CAST(N'2026-04-03' AS DATE), CAST(N'13:00:00' AS TIME), N'Cambio de pastillas y revisión de discos.', N'COMPLETADA', CAST(N'2026-03-19T05:45:00' AS DATETIME)),
    (104, 2, 6, N'Suzuki', N'Sidekick', 1996, CAST(N'2026-05-23' AS DATE), CAST(N'11:00:00' AS TIME), N'Revisión previa a inspección técnica vehicular.', N'COMPLETADA', CAST(N'2026-05-17T03:45:00' AS DATETIME)),
    (105, 17, 2, N'Nissan', N'Sentra B13', 1994, CAST(N'2026-01-17' AS DATE), CAST(N'09:30:00' AS TIME), N'Revisión general solicitada antes de viaje largo.', N'COMPLETADA', CAST(N'2025-12-30T05:45:00' AS DATETIME)),
    (106, 67, 24, N'Datsun', N'120Y', 1976, CAST(N'2026-03-24' AS DATE), CAST(N'14:30:00' AS TIME), N'Corrección de luces, fusibles y cableado.', N'COMPLETADA', CAST(N'2026-03-06T06:15:00' AS DATETIME)),
    (107, 38, 8, N'Mazda', N'B2200', 1992, CAST(N'2026-05-06' AS DATE), CAST(N'16:00:00' AS TIME), N'Inspección solicitada antes de compra del vehículo.', N'COMPLETADA', CAST(N'2026-05-02T07:15:00' AS DATETIME)),
    (108, 14, 3, N'Toyota', N'Hilux', 2001, CAST(N'2026-02-17' AS DATE), CAST(N'09:30:00' AS TIME), N'Afinamiento menor por consumo elevado y marcha irregular.', N'COMPLETADA', CAST(N'2026-02-12T06:30:00' AS DATETIME)),
    (109, 43, 13, N'Mitsubishi', N'Montero', 1997, CAST(N'2026-03-07' AS DATE), CAST(N'13:00:00' AS TIME), N'Pulido para recuperar brillo de pintura.', N'COMPLETADA', CAST(N'2026-02-18T03:45:00' AS DATETIME)),
    (110, 30, 7, N'Toyota', N'Yaris', 2008, CAST(N'2026-04-16' AS DATE), CAST(N'08:00:00' AS TIME), N'Lectura OBD y validación de códigos activos.', N'COMPLETADA', CAST(N'2026-04-06T04:15:00' AS DATETIME)),
    (111, 66, 18, N'Daihatsu', N'Feroza', 1995, CAST(N'2026-04-09' AS DATE), CAST(N'14:30:00' AS TIME), N'Restauración mecánica de motor clásico.', N'COMPLETADA', CAST(N'2026-03-26T03:15:00' AS DATETIME)),
    (112, 66, 17, N'Toyota', N'Yaris', 2008, CAST(N'2026-01-07' AS DATE), CAST(N'08:00:00' AS TIME), N'Diagnóstico inicial de proyecto clásico.', N'COMPLETADA', CAST(N'2025-12-27T05:45:00' AS DATETIME)),
    (113, 72, 1, N'Ford', N'Mustang', 1967, CAST(N'2026-01-07' AS DATE), CAST(N'16:00:00' AS TIME), N'Cambio preventivo con aceite y filtro; revisión visual de fugas.', N'COMPLETADA', CAST(N'2026-01-02T07:30:00' AS DATETIME)),
    (114, 61, 2, N'Datsun', N'120Y', 1976, CAST(N'2026-01-15' AS DATE), CAST(N'13:00:00' AS TIME), N'Revisión general solicitada antes de viaje largo. Cita cancelada por el cliente antes de iniciar el trabajo.', N'CANCELADA', CAST(N'2026-01-12T04:00:00' AS DATETIME)),
    (115, 77, 7, N'Chevrolet', N'C10', 1972, CAST(N'2026-02-23' AS DATE), CAST(N'09:30:00' AS TIME), N'Lectura OBD y validación de códigos activos.', N'COMPLETADA', CAST(N'2026-02-19T04:15:00' AS DATETIME)),
    (116, 37, 7, N'Dodge', N'Dart', 1975, CAST(N'2026-06-15' AS DATE), CAST(N'08:00:00' AS TIME), N'Lectura OBD y validación de códigos activos.', N'COMPLETADA', CAST(N'2026-06-10T04:15:00' AS DATETIME)),
    (117, 10, 13, N'Hyundai', N'Accent', 2010, CAST(N'2026-03-14' AS DATE), CAST(N'11:00:00' AS TIME), N'Pulido para recuperar brillo de pintura.', N'COMPLETADA', CAST(N'2026-03-12T05:45:00' AS DATETIME)),
    (118, 71, 13, N'Kia', N'Sportage', 2012, CAST(N'2026-01-20' AS DATE), CAST(N'16:00:00' AS TIME), N'Pulido para recuperar brillo de pintura.', N'COMPLETADA', CAST(N'2026-01-08T03:15:00' AS DATETIME)),
    (119, 15, 8, N'Volkswagen', N'Golf Mk2', 1988, CAST(N'2026-03-07' AS DATE), CAST(N'14:30:00' AS TIME), N'Inspección solicitada antes de compra del vehículo.', N'COMPLETADA', CAST(N'2026-02-27T06:45:00' AS DATETIME)),
    (120, 26, 2, N'BMW', N'E30', 1989, CAST(N'2026-03-07' AS DATE), CAST(N'16:00:00' AS TIME), N'Revisión general solicitada antes de viaje largo. Cita cancelada por el cliente antes de iniciar el trabajo.', N'CANCELADA', CAST(N'2026-02-21T07:15:00' AS DATETIME)),
    (121, 36, 12, N'Volkswagen', N'Beetle', 1978, CAST(N'2026-04-07' AS DATE), CAST(N'09:30:00' AS TIME), N'Revisión de suspensión, dirección y alineamiento.', N'COMPLETADA', CAST(N'2026-03-23T05:45:00' AS DATETIME)),
    (122, 31, 15, N'Toyota', N'Land Cruiser FJ40', 1977, CAST(N'2026-03-27' AS DATE), CAST(N'13:00:00' AS TIME), N'Trabajo parcial de pintura en proyecto de restauración.', N'COMPLETADA', CAST(N'2026-03-10T06:30:00' AS DATETIME)),
    (123, 15, 9, N'Toyota', N'Corolla', 1999, CAST(N'2026-05-05' AS DATE), CAST(N'08:00:00' AS TIME), N'Limpieza de calipers, ajuste y prueba de frenado. Cita cancelada por el cliente antes de iniciar el trabajo.', N'CANCELADA', CAST(N'2026-04-29T06:00:00' AS DATETIME)),
    (124, 34, 4, N'Nissan', N'Sentra B13', 1994, CAST(N'2026-05-22' AS DATE), CAST(N'14:30:00' AS TIME), N'Servicio completo de afinamiento con bujías y filtros.', N'COMPLETADA', CAST(N'2026-05-14T05:30:00' AS DATETIME)),
    (125, 57, 1, N'Chevrolet', N'C10', 1972, CAST(N'2026-04-08' AS DATE), CAST(N'13:00:00' AS TIME), N'Cambio preventivo con aceite y filtro; revisión visual de fugas.', N'COMPLETADA', CAST(N'2026-03-24T06:45:00' AS DATETIME)),
    (126, 25, 4, N'Chevrolet', N'C10', 1972, CAST(N'2026-06-12' AS DATE), CAST(N'16:00:00' AS TIME), N'Servicio completo de afinamiento con bujías y filtros.', N'COMPLETADA', CAST(N'2026-06-04T04:45:00' AS DATETIME)),
    (127, 27, 7, N'BMW', N'E30', 1989, CAST(N'2026-02-12' AS DATE), CAST(N'14:30:00' AS TIME), N'Lectura OBD y validación de códigos activos.', N'COMPLETADA', CAST(N'2026-02-03T05:45:00' AS DATETIME)),
    (128, 5, 22, N'Toyota', N'Corolla', 1999, CAST(N'2026-03-25' AS DATE), CAST(N'08:00:00' AS TIME), N'Diagnóstico por fallas eléctricas intermitentes.', N'COMPLETADA', CAST(N'2026-03-15T04:45:00' AS DATETIME)),
    (129, 73, 12, N'Toyota', N'Corolla', 1999, CAST(N'2026-01-28' AS DATE), CAST(N'09:30:00' AS TIME), N'Revisión de suspensión, dirección y alineamiento.', N'COMPLETADA', CAST(N'2026-01-10T06:45:00' AS DATETIME)),
    (130, 17, 10, N'Nissan', N'Sentra B13', 1994, CAST(N'2026-03-18' AS DATE), CAST(N'11:00:00' AS TIME), N'Cambio de pastillas y revisión de discos.', N'COMPLETADA', CAST(N'2026-02-26T07:30:00' AS DATETIME)),
    (131, 32, 22, N'Dodge', N'Dart', 1975, CAST(N'2026-04-07' AS DATE), CAST(N'14:30:00' AS TIME), N'Diagnóstico por fallas eléctricas intermitentes.', N'COMPLETADA', CAST(N'2026-03-29T03:30:00' AS DATETIME)),
    (132, 7, 22, N'Mitsubishi', N'Montero', 1997, CAST(N'2026-03-12' AS DATE), CAST(N'14:30:00' AS TIME), N'Diagnóstico por fallas eléctricas intermitentes.', N'COMPLETADA', CAST(N'2026-02-25T03:45:00' AS DATETIME)),
    (133, 5, 13, N'Nissan', N'D21', 1993, CAST(N'2026-05-22' AS DATE), CAST(N'08:00:00' AS TIME), N'Pulido para recuperar brillo de pintura.', N'COMPLETADA', CAST(N'2026-05-08T07:45:00' AS DATETIME)),
    (134, 28, 1, N'BMW', N'E30', 1989, CAST(N'2026-04-04' AS DATE), CAST(N'08:00:00' AS TIME), N'Cambio preventivo con aceite y filtro; revisión visual de fugas.', N'COMPLETADA', CAST(N'2026-04-02T07:30:00' AS DATETIME)),
    (135, 4, 15, N'Dodge', N'Dart', 1975, CAST(N'2026-03-25' AS DATE), CAST(N'14:30:00' AS TIME), N'Trabajo parcial de pintura en proyecto de restauración.', N'COMPLETADA', CAST(N'2026-03-15T07:00:00' AS DATETIME)),
    (136, 80, 1, N'Chevrolet', N'C10', 1972, CAST(N'2026-05-29' AS DATE), CAST(N'14:30:00' AS TIME), N'Cambio preventivo con aceite y filtro; revisión visual de fugas.', N'COMPLETADA', CAST(N'2026-05-14T05:45:00' AS DATETIME)),
    (137, 41, 3, N'Toyota', N'Yaris', 2008, CAST(N'2026-05-14' AS DATE), CAST(N'14:30:00' AS TIME), N'Afinamiento menor por consumo elevado y marcha irregular.', N'COMPLETADA', CAST(N'2026-05-04T05:00:00' AS DATETIME)),
    (138, 38, 14, N'Hyundai', N'Accent', 2010, CAST(N'2026-01-20' AS DATE), CAST(N'11:00:00' AS TIME), N'Reparación y pintura de panel con rayón profundo.', N'COMPLETADA', CAST(N'2026-01-16T07:15:00' AS DATETIME)),
    (139, 61, 10, N'Datsun', N'120Y', 1976, CAST(N'2026-05-09' AS DATE), CAST(N'08:00:00' AS TIME), N'Cambio de pastillas y revisión de discos.', N'COMPLETADA', CAST(N'2026-04-26T05:00:00' AS DATETIME)),
    (140, 41, 2, N'Honda', N'CR-V', 2003, CAST(N'2026-03-03' AS DATE), CAST(N'14:30:00' AS TIME), N'Revisión general solicitada antes de viaje largo.', N'COMPLETADA', CAST(N'2026-02-20T04:15:00' AS DATETIME)),
    (141, 9, 22, N'Honda', N'CR-V', 2003, CAST(N'2026-04-23' AS DATE), CAST(N'11:00:00' AS TIME), N'Diagnóstico por fallas eléctricas intermitentes.', N'COMPLETADA', CAST(N'2026-04-07T07:00:00' AS DATETIME)),
    (142, 63, 7, N'Chevrolet', N'C10', 1972, CAST(N'2026-05-19' AS DATE), CAST(N'14:30:00' AS TIME), N'Lectura OBD y validación de códigos activos.', N'COMPLETADA', CAST(N'2026-05-05T06:45:00' AS DATETIME)),
    (143, 36, 11, N'Mazda', N'B2200', 1992, CAST(N'2026-06-11' AS DATE), CAST(N'09:30:00' AS TIME), N'Cambio de amortiguadores por ruido en tren delantero. Cita cancelada por el cliente antes de iniciar el trabajo.', N'CANCELADA', CAST(N'2026-06-08T07:30:00' AS DATETIME)),
    (144, 12, 21, N'Toyota', N'Hilux', 2001, CAST(N'2026-06-05' AS DATE), CAST(N'13:00:00' AS TIME), N'Restauración interior completa.', N'COMPLETADA', CAST(N'2026-05-17T05:30:00' AS DATETIME)),
    (145, 16, 6, N'Mitsubishi', N'Montero', 1997, CAST(N'2026-01-16' AS DATE), CAST(N'13:00:00' AS TIME), N'Revisión previa a inspección técnica vehicular.', N'COMPLETADA', CAST(N'2026-01-09T07:30:00' AS DATETIME)),
    (146, 40, 2, N'Mazda', N'B2200', 1992, CAST(N'2026-04-18' AS DATE), CAST(N'14:30:00' AS TIME), N'Revisión general solicitada antes de viaje largo.', N'COMPLETADA', CAST(N'2026-04-10T07:15:00' AS DATETIME)),
    (147, 63, 9, N'Mercedes-Benz', N'W123', 1981, CAST(N'2026-01-14' AS DATE), CAST(N'09:30:00' AS TIME), N'Limpieza de calipers, ajuste y prueba de frenado.', N'COMPLETADA', CAST(N'2026-01-05T03:15:00' AS DATETIME)),
    (148, 79, 5, N'Jeep', N'CJ7', 1985, CAST(N'2026-02-06' AS DATE), CAST(N'14:30:00' AS TIME), N'Revisión de temperatura y cambio de refrigerante.', N'COMPLETADA', CAST(N'2026-01-24T08:00:00' AS DATETIME)),
    (149, 6, 4, N'Dodge', N'Dart', 1975, CAST(N'2026-04-22' AS DATE), CAST(N'14:30:00' AS TIME), N'Servicio completo de afinamiento con bujías y filtros.', N'COMPLETADA', CAST(N'2026-04-05T06:00:00' AS DATETIME)),
    (150, 37, 4, N'Mazda', N'B2200', 1992, CAST(N'2026-02-03' AS DATE), CAST(N'11:00:00' AS TIME), N'Servicio completo de afinamiento con bujías y filtros.', N'COMPLETADA', CAST(N'2026-01-19T06:45:00' AS DATETIME)),
    (151, 9, 11, N'BMW', N'E30', 1989, CAST(N'2026-01-09' AS DATE), CAST(N'11:00:00' AS TIME), N'Cambio de amortiguadores por ruido en tren delantero.', N'COMPLETADA', CAST(N'2025-12-28T04:00:00' AS DATETIME)),
    (152, 29, 8, N'Daihatsu', N'Feroza', 1995, CAST(N'2026-03-11' AS DATE), CAST(N'09:30:00' AS TIME), N'Inspección solicitada antes de compra del vehículo.', N'COMPLETADA', CAST(N'2026-03-04T07:00:00' AS DATETIME)),
    (153, 31, 14, N'Nissan', N'Sentra B13', 1994, CAST(N'2026-05-15' AS DATE), CAST(N'14:30:00' AS TIME), N'Reparación y pintura de panel con rayón profundo.', N'COMPLETADA', CAST(N'2026-04-27T04:00:00' AS DATETIME)),
    (154, 43, 16, N'Honda', N'CR-V', 2003, CAST(N'2026-02-27' AS DATE), CAST(N'08:00:00' AS TIME), N'Detallado exterior con lavado, descontaminado y encerado. Cita cancelada por el cliente antes de iniciar el trabajo.', N'CANCELADA', CAST(N'2026-02-20T04:15:00' AS DATETIME)),
    (155, 70, 10, N'Suzuki', N'Sidekick', 1996, CAST(N'2026-01-14' AS DATE), CAST(N'08:00:00' AS TIME), N'Cambio de pastillas y revisión de discos.', N'COMPLETADA', CAST(N'2026-01-10T06:30:00' AS DATETIME)),
    (156, 53, 3, N'Toyota', N'Hilux', 2001, CAST(N'2026-04-09' AS DATE), CAST(N'08:00:00' AS TIME), N'Afinamiento menor por consumo elevado y marcha irregular.', N'COMPLETADA', CAST(N'2026-03-29T05:30:00' AS DATETIME)),
    (157, 42, 4, N'BMW', N'E30', 1989, CAST(N'2026-05-02' AS DATE), CAST(N'13:00:00' AS TIME), N'Servicio completo de afinamiento con bujías y filtros.', N'COMPLETADA', CAST(N'2026-04-24T03:45:00' AS DATETIME)),
    (158, 52, 24, N'Volkswagen', N'Beetle', 1978, CAST(N'2026-03-20' AS DATE), CAST(N'13:00:00' AS TIME), N'Corrección de luces, fusibles y cableado.', N'COMPLETADA', CAST(N'2026-03-01T05:00:00' AS DATETIME)),
    (159, 49, 3, N'Mazda', N'B2200', 1992, CAST(N'2026-06-02' AS DATE), CAST(N'14:30:00' AS TIME), N'Afinamiento menor por consumo elevado y marcha irregular.', N'COMPLETADA', CAST(N'2026-05-29T03:45:00' AS DATETIME)),
    (160, 55, 10, N'Toyota', N'Yaris', 2008, CAST(N'2026-02-14' AS DATE), CAST(N'13:00:00' AS TIME), N'Cambio de pastillas y revisión de discos.', N'COMPLETADA', CAST(N'2026-01-27T03:30:00' AS DATETIME)),
    (161, 9, 3, N'Nissan', N'D21', 1993, CAST(N'2026-02-17' AS DATE), CAST(N'08:00:00' AS TIME), N'Afinamiento menor por consumo elevado y marcha irregular. Cita cancelada por el cliente antes de iniciar el trabajo.', N'CANCELADA', CAST(N'2026-02-04T08:00:00' AS DATETIME)),
    (162, 71, 17, N'Suzuki', N'Sidekick', 1996, CAST(N'2026-03-20' AS DATE), CAST(N'16:00:00' AS TIME), N'Diagnóstico inicial de proyecto clásico.', N'COMPLETADA', CAST(N'2026-03-17T05:15:00' AS DATETIME)),
    (163, 52, 3, N'Daihatsu', N'Feroza', 1995, CAST(N'2026-05-08' AS DATE), CAST(N'08:00:00' AS TIME), N'Afinamiento menor por consumo elevado y marcha irregular.', N'COMPLETADA', CAST(N'2026-04-30T05:30:00' AS DATETIME)),
    (164, 62, 3, N'Toyota', N'Land Cruiser FJ40', 1977, CAST(N'2026-05-28' AS DATE), CAST(N'13:00:00' AS TIME), N'Afinamiento menor por consumo elevado y marcha irregular.', N'COMPLETADA', CAST(N'2026-05-14T04:00:00' AS DATETIME)),
    (165, 68, 15, N'Volkswagen', N'Golf Mk2', 1988, CAST(N'2026-03-06' AS DATE), CAST(N'14:30:00' AS TIME), N'Trabajo parcial de pintura en proyecto de restauración.', N'COMPLETADA', CAST(N'2026-02-25T03:15:00' AS DATETIME)),
    (166, 40, 9, N'Nissan', N'Sentra B13', 1994, CAST(N'2026-05-25' AS DATE), CAST(N'08:00:00' AS TIME), N'Limpieza de calipers, ajuste y prueba de frenado.', N'COMPLETADA', CAST(N'2026-05-09T04:00:00' AS DATETIME)),
    (167, 14, 5, N'Volkswagen', N'Beetle', 1978, CAST(N'2026-03-26' AS DATE), CAST(N'08:00:00' AS TIME), N'Revisión de temperatura y cambio de refrigerante.', N'COMPLETADA', CAST(N'2026-03-11T04:00:00' AS DATETIME)),
    (168, 7, 20, N'Volkswagen', N'Beetle', 1978, CAST(N'2026-04-25' AS DATE), CAST(N'08:00:00' AS TIME), N'Tapizado de asiento delantero con vinil automotriz.', N'COMPLETADA', CAST(N'2026-04-23T03:30:00' AS DATETIME)),
    (169, 9, 9, N'Mercedes-Benz', N'W123', 1981, CAST(N'2026-01-22' AS DATE), CAST(N'14:30:00' AS TIME), N'Limpieza de calipers, ajuste y prueba de frenado.', N'COMPLETADA', CAST(N'2026-01-16T07:30:00' AS DATETIME)),
    (170, 79, 7, N'Subaru', N'Impreza', 2005, CAST(N'2026-06-12' AS DATE), CAST(N'14:30:00' AS TIME), N'Lectura OBD y validación de códigos activos.', N'COMPLETADA', CAST(N'2026-05-25T04:15:00' AS DATETIME)),
    (171, 70, 1, N'Mercedes-Benz', N'W123', 1981, CAST(N'2026-02-26' AS DATE), CAST(N'08:00:00' AS TIME), N'Cambio preventivo con aceite y filtro; revisión visual de fugas.', N'COMPLETADA', CAST(N'2026-02-15T04:45:00' AS DATETIME)),
    (172, 47, 10, N'Toyota', N'Corolla', 1999, CAST(N'2026-04-30' AS DATE), CAST(N'11:00:00' AS TIME), N'Cambio de pastillas y revisión de discos. Cita cancelada por el cliente antes de iniciar el trabajo.', N'CANCELADA', CAST(N'2026-04-19T05:15:00' AS DATETIME)),
    (173, 44, 3, N'Suzuki', N'Sidekick', 1996, CAST(N'2026-04-29' AS DATE), CAST(N'11:00:00' AS TIME), N'Afinamiento menor por consumo elevado y marcha irregular.', N'COMPLETADA', CAST(N'2026-04-20T04:30:00' AS DATETIME)),
    (174, 21, 21, N'Toyota', N'Starlet', 1984, CAST(N'2026-01-29' AS DATE), CAST(N'08:00:00' AS TIME), N'Restauración interior completa.', N'COMPLETADA', CAST(N'2026-01-09T07:45:00' AS DATETIME)),
    (175, 11, 14, N'Nissan', N'D21', 1993, CAST(N'2026-03-06' AS DATE), CAST(N'08:00:00' AS TIME), N'Reparación y pintura de panel con rayón profundo. Cita cancelada por el cliente antes de iniciar el trabajo.', N'CANCELADA', CAST(N'2026-02-23T06:45:00' AS DATETIME)),
    (176, 19, 9, N'Toyota', N'Corolla', 1999, CAST(N'2026-02-02' AS DATE), CAST(N'14:30:00' AS TIME), N'Limpieza de calipers, ajuste y prueba de frenado.', N'COMPLETADA', CAST(N'2026-01-28T06:15:00' AS DATETIME)),
    (177, 41, 20, N'Suzuki', N'Sidekick', 1996, CAST(N'2026-02-17' AS DATE), CAST(N'16:00:00' AS TIME), N'Tapizado de asiento delantero con vinil automotriz. Cita cancelada por el cliente antes de iniciar el trabajo.', N'CANCELADA', CAST(N'2026-01-31T06:45:00' AS DATETIME)),
    (178, 12, 19, N'Volkswagen', N'Beetle', 1978, CAST(N'2026-03-11' AS DATE), CAST(N'11:00:00' AS TIME), N'Restauración estética de carrocería e interiores.', N'COMPLETADA', CAST(N'2026-02-20T04:15:00' AS DATETIME)),
    (179, 45, 9, N'Volkswagen', N'Golf Mk2', 1988, CAST(N'2026-01-07' AS DATE), CAST(N'09:30:00' AS TIME), N'Limpieza de calipers, ajuste y prueba de frenado.', N'COMPLETADA', CAST(N'2025-12-29T04:00:00' AS DATETIME)),
    (180, 9, 3, N'Subaru', N'Impreza', 2005, CAST(N'2026-04-24' AS DATE), CAST(N'16:00:00' AS TIME), N'Afinamiento menor por consumo elevado y marcha irregular.', N'COMPLETADA', CAST(N'2026-04-15T03:30:00' AS DATETIME)),
    (181, 30, 8, N'Kia', N'Sportage', 2012, CAST(N'2026-05-28' AS DATE), CAST(N'14:30:00' AS TIME), N'Inspección solicitada antes de compra del vehículo.', N'COMPLETADA', CAST(N'2026-05-16T07:15:00' AS DATETIME)),
    (182, 27, 6, N'Toyota', N'Corolla', 1999, CAST(N'2026-04-03' AS DATE), CAST(N'11:00:00' AS TIME), N'Revisión previa a inspección técnica vehicular.', N'COMPLETADA', CAST(N'2026-03-19T05:30:00' AS DATETIME)),
    (183, 71, 20, N'Nissan', N'Sentra B13', 1994, CAST(N'2026-06-04' AS DATE), CAST(N'16:00:00' AS TIME), N'Tapizado de asiento delantero con vinil automotriz.', N'COMPLETADA', CAST(N'2026-06-02T06:15:00' AS DATETIME)),
    (184, 56, 3, N'Subaru', N'Impreza', 2005, CAST(N'2026-04-25' AS DATE), CAST(N'16:00:00' AS TIME), N'Afinamiento menor por consumo elevado y marcha irregular. Cita cancelada por el cliente antes de iniciar el trabajo.', N'CANCELADA', CAST(N'2026-04-14T05:00:00' AS DATETIME)),
    (185, 8, 24, N'Honda', N'Civic', 1998, CAST(N'2026-01-12' AS DATE), CAST(N'16:00:00' AS TIME), N'Corrección de luces, fusibles y cableado.', N'COMPLETADA', CAST(N'2025-12-30T03:45:00' AS DATETIME)),
    (186, 63, 9, N'Jeep', N'CJ7', 1985, CAST(N'2026-01-08' AS DATE), CAST(N'14:30:00' AS TIME), N'Limpieza de calipers, ajuste y prueba de frenado.', N'COMPLETADA', CAST(N'2026-01-01T06:45:00' AS DATETIME)),
    (187, 47, 17, N'Mitsubishi', N'Montero', 1997, CAST(N'2026-04-25' AS DATE), CAST(N'13:00:00' AS TIME), N'Diagnóstico inicial de proyecto clásico.', N'COMPLETADA', CAST(N'2026-04-20T04:15:00' AS DATETIME)),
    (188, 35, 22, N'Toyota', N'Corolla', 1999, CAST(N'2026-05-07' AS DATE), CAST(N'16:00:00' AS TIME), N'Diagnóstico por fallas eléctricas intermitentes.', N'COMPLETADA', CAST(N'2026-04-30T04:45:00' AS DATETIME)),
    (189, 65, 5, N'Ford', N'Mustang', 1967, CAST(N'2026-05-16' AS DATE), CAST(N'08:00:00' AS TIME), N'Revisión de temperatura y cambio de refrigerante.', N'COMPLETADA', CAST(N'2026-05-09T06:30:00' AS DATETIME)),
    (190, 70, 16, N'Toyota', N'Yaris', 2008, CAST(N'2026-03-27' AS DATE), CAST(N'09:30:00' AS TIME), N'Detallado exterior con lavado, descontaminado y encerado.', N'COMPLETADA', CAST(N'2026-03-11T06:45:00' AS DATETIME)),
    (191, 20, 6, N'Chevrolet', N'C10', 1972, CAST(N'2026-02-16' AS DATE), CAST(N'13:00:00' AS TIME), N'Revisión previa a inspección técnica vehicular.', N'COMPLETADA', CAST(N'2026-01-30T07:30:00' AS DATETIME)),
    (192, 2, 13, N'Honda', N'CR-V', 2003, CAST(N'2026-03-24' AS DATE), CAST(N'16:00:00' AS TIME), N'Pulido para recuperar brillo de pintura.', N'COMPLETADA', CAST(N'2026-03-21T07:30:00' AS DATETIME)),
    (193, 36, 7, N'Mazda', N'B2200', 1992, CAST(N'2026-05-16' AS DATE), CAST(N'14:30:00' AS TIME), N'Lectura OBD y validación de códigos activos.', N'COMPLETADA', CAST(N'2026-05-02T08:00:00' AS DATETIME)),
    (194, 60, 2, N'Daihatsu', N'Feroza', 1995, CAST(N'2026-05-30' AS DATE), CAST(N'14:30:00' AS TIME), N'Revisión general solicitada antes de viaje largo.', N'COMPLETADA', CAST(N'2026-05-24T04:00:00' AS DATETIME)),
    (195, 1, 7, N'BMW', N'E30', 1989, CAST(N'2026-03-30' AS DATE), CAST(N'11:00:00' AS TIME), N'Lectura OBD y validación de códigos activos.', N'COMPLETADA', CAST(N'2026-03-13T06:00:00' AS DATETIME)),
    (196, 46, 24, N'Daihatsu', N'Feroza', 1995, CAST(N'2026-06-10' AS DATE), CAST(N'08:00:00' AS TIME), N'Corrección de luces, fusibles y cableado.', N'COMPLETADA', CAST(N'2026-05-24T05:15:00' AS DATETIME)),
    (197, 28, 17, N'Chevrolet', N'C10', 1972, CAST(N'2026-03-03' AS DATE), CAST(N'08:00:00' AS TIME), N'Diagnóstico inicial de proyecto clásico.', N'COMPLETADA', CAST(N'2026-02-28T06:45:00' AS DATETIME)),
    (198, 9, 16, N'Toyota', N'Hilux', 2001, CAST(N'2026-05-18' AS DATE), CAST(N'16:00:00' AS TIME), N'Detallado exterior con lavado, descontaminado y encerado.', N'COMPLETADA', CAST(N'2026-05-06T04:15:00' AS DATETIME)),
    (199, 14, 19, N'Chevrolet', N'C10', 1972, CAST(N'2026-05-15' AS DATE), CAST(N'08:00:00' AS TIME), N'Restauración estética de carrocería e interiores.', N'COMPLETADA', CAST(N'2026-05-10T06:45:00' AS DATETIME)),
    (200, 19, 14, N'Subaru', N'Impreza', 2005, CAST(N'2026-05-18' AS DATE), CAST(N'09:30:00' AS TIME), N'Reparación y pintura de panel con rayón profundo.', N'COMPLETADA', CAST(N'2026-05-12T06:45:00' AS DATETIME)),
    (201, 9, 5, N'BMW', N'E30', 1989, CAST(N'2026-03-02' AS DATE), CAST(N'09:30:00' AS TIME), N'Revisión de temperatura y cambio de refrigerante.', N'COMPLETADA', CAST(N'2026-02-25T06:30:00' AS DATETIME)),
    (202, 52, 6, N'BMW', N'E30', 1989, CAST(N'2026-01-17' AS DATE), CAST(N'13:00:00' AS TIME), N'Revisión previa a inspección técnica vehicular.', N'COMPLETADA', CAST(N'2026-01-03T04:00:00' AS DATETIME)),
    (203, 22, 19, N'Daihatsu', N'Feroza', 1995, CAST(N'2026-02-06' AS DATE), CAST(N'11:00:00' AS TIME), N'Restauración estética de carrocería e interiores.', N'COMPLETADA', CAST(N'2026-02-01T03:30:00' AS DATETIME)),
    (204, 67, 6, N'Toyota', N'Hilux', 2001, CAST(N'2026-04-15' AS DATE), CAST(N'08:00:00' AS TIME), N'Revisión previa a inspección técnica vehicular. Cita cancelada por el cliente antes de iniciar el trabajo.', N'CANCELADA', CAST(N'2026-03-31T05:30:00' AS DATETIME)),
    (205, 7, 13, N'Mercedes-Benz', N'W123', 1981, CAST(N'2026-05-08' AS DATE), CAST(N'16:00:00' AS TIME), N'Pulido para recuperar brillo de pintura.', N'COMPLETADA', CAST(N'2026-04-23T03:15:00' AS DATETIME)),
    (206, 27, 11, N'Subaru', N'Impreza', 2005, CAST(N'2026-03-03' AS DATE), CAST(N'16:00:00' AS TIME), N'Cambio de amortiguadores por ruido en tren delantero.', N'COMPLETADA', CAST(N'2026-02-24T05:30:00' AS DATETIME)),
    (207, 21, 12, N'Toyota', N'Hilux', 2001, CAST(N'2026-05-18' AS DATE), CAST(N'11:00:00' AS TIME), N'Revisión de suspensión, dirección y alineamiento.', N'COMPLETADA', CAST(N'2026-05-10T07:00:00' AS DATETIME)),
    (208, 31, 18, N'Mazda', N'B2200', 1992, CAST(N'2026-04-30' AS DATE), CAST(N'14:30:00' AS TIME), N'Restauración mecánica de motor clásico.', N'COMPLETADA', CAST(N'2026-04-20T06:30:00' AS DATETIME)),
    (209, 58, 12, N'Honda', N'CR-V', 2003, CAST(N'2026-02-05' AS DATE), CAST(N'13:00:00' AS TIME), N'Revisión de suspensión, dirección y alineamiento.', N'COMPLETADA', CAST(N'2026-01-16T07:45:00' AS DATETIME)),
    (210, 9, 2, N'Hyundai', N'Accent', 2010, CAST(N'2026-01-10' AS DATE), CAST(N'11:00:00' AS TIME), N'Revisión general solicitada antes de viaje largo.', N'COMPLETADA', CAST(N'2025-12-27T03:45:00' AS DATETIME)),
    (211, 75, 20, N'Suzuki', N'Sidekick', 1996, CAST(N'2026-06-18' AS DATE), CAST(N'08:00:00' AS TIME), N'Tapizado de asiento delantero con vinil automotriz.', N'PENDIENTE', CAST(N'2026-06-12T08:00:00' AS DATETIME)),
    (212, 39, 10, N'Dodge', N'Dart', 1975, CAST(N'2026-06-19' AS DATE), CAST(N'11:00:00' AS TIME), N'Cambio de pastillas y revisión de discos.', N'PENDIENTE', CAST(N'2026-06-17T13:20:00' AS DATETIME)),
    (213, 77, 1, N'Mercedes-Benz', N'W123', 1981, CAST(N'2026-06-20' AS DATE), CAST(N'14:30:00' AS TIME), N'Cambio preventivo con aceite y filtro; revisión visual de fugas.', N'PENDIENTE', CAST(N'2026-06-12T14:10:00' AS DATETIME)),
    (214, 65, 9, N'Toyota', N'Land Cruiser FJ40', 1977, CAST(N'2026-06-22' AS DATE), CAST(N'08:00:00' AS TIME), N'Limpieza de calipers, ajuste y prueba de frenado.', N'PENDIENTE', CAST(N'2026-06-16T11:45:00' AS DATETIME)),
    (215, 20, 8, N'Toyota', N'Hilux', 2001, CAST(N'2026-06-23' AS DATE), CAST(N'11:00:00' AS TIME), N'Inspección solicitada antes de compra del vehículo.', N'PENDIENTE', CAST(N'2026-06-11T12:20:00' AS DATETIME)),
    (216, 58, 24, N'Ford', N'Mustang', 1967, CAST(N'2026-06-24' AS DATE), CAST(N'14:30:00' AS TIME), N'Corrección de luces, fusibles y cableado.', N'PENDIENTE', CAST(N'2026-06-10T08:20:00' AS DATETIME)),
    (217, 76, 2, N'Nissan', N'D21', 1993, CAST(N'2026-06-25' AS DATE), CAST(N'08:00:00' AS TIME), N'Revisión general solicitada antes de viaje largo.', N'PENDIENTE', CAST(N'2026-06-17T12:30:00' AS DATETIME)),
    (218, 21, 13, N'Nissan', N'D21', 1993, CAST(N'2026-06-26' AS DATE), CAST(N'11:00:00' AS TIME), N'Pulido para recuperar brillo de pintura.', N'PENDIENTE', CAST(N'2026-06-16T08:20:00' AS DATETIME)),
    (219, 61, 2, N'Mitsubishi', N'Montero', 1997, CAST(N'2026-06-27' AS DATE), CAST(N'14:30:00' AS TIME), N'Revisión general solicitada antes de viaje largo.', N'PENDIENTE', CAST(N'2026-06-14T12:00:00' AS DATETIME)),
    (220, 52, 3, N'Nissan', N'Sentra B13', 1994, CAST(N'2026-06-29' AS DATE), CAST(N'08:00:00' AS TIME), N'Afinamiento menor por consumo elevado y marcha irregular.', N'PENDIENTE', CAST(N'2026-06-13T13:10:00' AS DATETIME)),
    (221, 49, 16, N'Hyundai', N'Accent', 2010, CAST(N'2026-06-30' AS DATE), CAST(N'11:00:00' AS TIME), N'Detallado exterior con lavado, descontaminado y encerado.', N'PENDIENTE', CAST(N'2026-06-13T14:30:00' AS DATETIME)),
    (222, 77, 13, N'Mazda', N'B2200', 1992, CAST(N'2026-07-01' AS DATE), CAST(N'14:30:00' AS TIME), N'Pulido para recuperar brillo de pintura.', N'PENDIENTE', CAST(N'2026-06-14T13:45:00' AS DATETIME)),
    (223, 20, 2, N'Toyota', N'Land Cruiser FJ40', 1977, CAST(N'2026-07-02' AS DATE), CAST(N'08:00:00' AS TIME), N'Revisión general solicitada antes de viaje largo.', N'PENDIENTE', CAST(N'2026-06-13T10:00:00' AS DATETIME)),
    (224, 3, 3, N'Volkswagen', N'Golf Mk2', 1988, CAST(N'2026-07-03' AS DATE), CAST(N'11:00:00' AS TIME), N'Afinamiento menor por consumo elevado y marcha irregular.', N'PENDIENTE', CAST(N'2026-06-16T08:00:00' AS DATETIME)),
    (225, 33, 23, N'Volkswagen', N'Beetle', 1978, CAST(N'2026-07-04' AS DATE), CAST(N'14:30:00' AS TIME), N'Instalación de radio manteniendo estética clásica.', N'PENDIENTE', CAST(N'2026-06-16T09:20:00' AS DATETIME)),
    (226, 65, 6, N'Toyota', N'Hilux', 2001, CAST(N'2026-07-06' AS DATE), CAST(N'08:00:00' AS TIME), N'Revisión previa a inspección técnica vehicular.', N'PENDIENTE', CAST(N'2026-06-17T09:10:00' AS DATETIME)),
    (227, 54, 22, N'Toyota', N'Starlet', 1984, CAST(N'2026-07-07' AS DATE), CAST(N'11:00:00' AS TIME), N'Diagnóstico por fallas eléctricas intermitentes.', N'PENDIENTE', CAST(N'2026-06-12T15:30:00' AS DATETIME)),
    (228, 37, 8, N'Nissan', N'Sentra B13', 1994, CAST(N'2026-07-08' AS DATE), CAST(N'14:30:00' AS TIME), N'Inspección solicitada antes de compra del vehículo.', N'PENDIENTE', CAST(N'2026-06-13T08:00:00' AS DATETIME)),
    (229, 40, 6, N'Toyota', N'Land Cruiser FJ40', 1977, CAST(N'2026-07-09' AS DATE), CAST(N'08:00:00' AS TIME), N'Revisión previa a inspección técnica vehicular.', N'PENDIENTE', CAST(N'2026-06-12T08:45:00' AS DATETIME)),
    (230, 69, 7, N'Subaru', N'Impreza', 2005, CAST(N'2026-07-10' AS DATE), CAST(N'11:00:00' AS TIME), N'Lectura OBD y validación de códigos activos.', N'PENDIENTE', CAST(N'2026-06-16T10:45:00' AS DATETIME)),
    (231, 35, 10, N'Jeep', N'CJ7', 1985, CAST(N'2026-07-11' AS DATE), CAST(N'14:30:00' AS TIME), N'Cambio de pastillas y revisión de discos.', N'PENDIENTE', CAST(N'2026-06-15T08:45:00' AS DATETIME)),
    (232, 70, 24, N'Suzuki', N'Sidekick', 1996, CAST(N'2026-07-13' AS DATE), CAST(N'08:00:00' AS TIME), N'Corrección de luces, fusibles y cableado.', N'PENDIENTE', CAST(N'2026-06-11T14:00:00' AS DATETIME)),
    (233, 47, 6, N'Mazda', N'B2200', 1992, CAST(N'2026-07-14' AS DATE), CAST(N'11:00:00' AS TIME), N'Revisión previa a inspección técnica vehicular.', N'PENDIENTE', CAST(N'2026-06-11T10:10:00' AS DATETIME)),
    (234, 28, 23, N'Volkswagen', N'Golf Mk2', 1988, CAST(N'2026-07-15' AS DATE), CAST(N'14:30:00' AS TIME), N'Instalación de radio manteniendo estética clásica.', N'PENDIENTE', CAST(N'2026-06-10T09:10:00' AS DATETIME)),
    (235, 58, 7, N'Volkswagen', N'Beetle', 1978, CAST(N'2026-07-16' AS DATE), CAST(N'08:00:00' AS TIME), N'Lectura OBD y validación de códigos activos.', N'PENDIENTE', CAST(N'2026-06-16T12:10:00' AS DATETIME)),
    (236, 72, 13, N'Nissan', N'Sentra B13', 1994, CAST(N'2026-07-17' AS DATE), CAST(N'11:00:00' AS TIME), N'Pulido para recuperar brillo de pintura.', N'PENDIENTE', CAST(N'2026-06-10T09:00:00' AS DATETIME)),
    (237, 29, 13, N'Toyota', N'Starlet', 1984, CAST(N'2026-07-18' AS DATE), CAST(N'14:30:00' AS TIME), N'Pulido para recuperar brillo de pintura.', N'PENDIENTE', CAST(N'2026-06-12T09:10:00' AS DATETIME)),
    (238, 50, 8, N'Jeep', N'CJ7', 1985, CAST(N'2026-06-18' AS DATE), CAST(N'08:00:00' AS TIME), N'Inspección solicitada antes de compra del vehículo.', N'PENDIENTE', CAST(N'2026-06-16T08:10:00' AS DATETIME)),
    (239, 70, 22, N'Jeep', N'CJ7', 1985, CAST(N'2026-06-19' AS DATE), CAST(N'11:00:00' AS TIME), N'Diagnóstico por fallas eléctricas intermitentes.', N'PENDIENTE', CAST(N'2026-06-16T09:00:00' AS DATETIME)),
    (240, 13, 17, N'Ford', N'Mustang', 1967, CAST(N'2026-06-20' AS DATE), CAST(N'14:30:00' AS TIME), N'Diagnóstico inicial de proyecto clásico.', N'PENDIENTE', CAST(N'2026-06-11T15:30:00' AS DATETIME));
GO
SET IDENTITY_INSERT dbo.citas OFF;
GO

-- =====================================================
-- PAGOS / FACTURAS
-- =====================================================

SET IDENTITY_INSERT dbo.pagos ON;
GO
INSERT INTO dbo.pagos (id_pago, numero_factura, id_cita, id_usuario, id_metodo, monto, monto_recibido, cambio, numero_referencia, banco, observaciones, estado_pago, fecha_pago) VALUES
    (1, N'FAC-CR-2026-0001', 1, 5, 2, CAST(475000.00 AS DECIMAL(10,2)), NULL, NULL, N'TARJ-391753', N'Promerica Costa Rica', N'Pago con tarjeta confirmado por datáfono.', N'COMPLETADO', CAST(N'2026-01-22T12:30:00' AS DATETIME)),
    (2, N'FAC-CR-2026-0002', 2, 5, 1, CAST(54000.00 AS DECIMAL(10,2)), CAST(55000.00 AS DECIMAL(10,2)), CAST(1000.00 AS DECIMAL(10,2)), NULL, NULL, N'Pago en efectivo recibido en caja.', N'COMPLETADO', CAST(N'2026-04-17T09:05:00' AS DATETIME)),
    (3, N'FAC-CR-2026-0003', 3, 5, 3, CAST(28000.00 AS DECIMAL(10,2)), NULL, NULL, N'TR-20260107-6488', N'Davivienda Costa Rica', N'Transferencia bancaria confirmada contra comprobante.', N'COMPLETADO', CAST(N'2026-01-07T15:20:00' AS DATETIME)),
    (4, N'FAC-CR-2026-0004', 4, 5, 1, CAST(89500.00 AS DECIMAL(10,2)), CAST(90000.00 AS DECIMAL(10,2)), CAST(500.00 AS DECIMAL(10,2)), NULL, NULL, N'Pago en efectivo recibido en caja.', N'COMPLETADO', CAST(N'2026-01-28T09:05:00' AS DATETIME)),
    (5, N'FAC-CR-2026-0005', 5, 5, 2, CAST(60500.00 AS DECIMAL(10,2)), NULL, NULL, N'TARJ-505467', N'Promerica Costa Rica', N'Pago con tarjeta confirmado por datáfono.', N'COMPLETADO', CAST(N'2026-02-26T13:45:00' AS DATETIME)),
    (6, N'FAC-CR-2026-0006', 6, 2, 4, CAST(35000.00 AS DECIMAL(10,2)), NULL, NULL, N'SINPE-947217', N'Banco Nacional', N'Pago por SINPE Móvil confirmado.', N'COMPLETADO', CAST(N'2026-04-14T14:00:00' AS DATETIME)),
    (7, N'FAC-CR-2026-0007', 7, 2, 4, CAST(32000.00 AS DECIMAL(10,2)), NULL, NULL, N'SINPE-691346', N'BAC Credomatic', N'Pago por SINPE Móvil confirmado.', N'COMPLETADO', CAST(N'2026-05-19T18:45:00' AS DATETIME)),
    (8, N'FAC-CR-2026-0008', 8, 11, 2, CAST(48000.00 AS DECIMAL(10,2)), NULL, NULL, N'TARJ-386885', N'Promerica Costa Rica', N'Pago con tarjeta confirmado por datáfono.', N'COMPLETADO', CAST(N'2026-06-12T12:45:00' AS DATETIME)),
    (9, N'FAC-CR-2026-0009', 9, 7, 1, CAST(66500.00 AS DECIMAL(10,2)), CAST(70000.00 AS DECIMAL(10,2)), CAST(3500.00 AS DECIMAL(10,2)), NULL, NULL, N'Pago en efectivo recibido en caja.', N'COMPLETADO', CAST(N'2026-04-17T15:15:00' AS DATETIME)),
    (10, N'FAC-CR-2026-0010', 10, 2, 1, CAST(101500.00 AS DECIMAL(10,2)), CAST(105000.00 AS DECIMAL(10,2)), CAST(3500.00 AS DECIMAL(10,2)), NULL, NULL, N'Pago en efectivo recibido en caja.', N'COMPLETADO', CAST(N'2026-01-21T12:55:00' AS DATETIME)),
    (11, N'FAC-CR-2026-0011', 11, 7, 2, CAST(95000.00 AS DECIMAL(10,2)), NULL, NULL, N'TARJ-577061', N'Promerica Costa Rica', N'Pago con tarjeta confirmado por datáfono.', N'COMPLETADO', CAST(N'2026-05-09T16:45:00' AS DATETIME)),
    (12, N'FAC-CR-2026-0012', 12, 11, 2, CAST(34500.00 AS DECIMAL(10,2)), NULL, NULL, N'TARJ-645894', N'Banco Nacional', N'Pago con tarjeta confirmado por datáfono.', N'COMPLETADO', CAST(N'2026-06-13T11:50:00' AS DATETIME)),
    (13, N'FAC-CR-2026-0013', 13, 5, 2, CAST(78000.00 AS DECIMAL(10,2)), NULL, NULL, N'TARJ-189861', N'Banco de Costa Rica', N'Pago con tarjeta confirmado por datáfono.', N'COMPLETADO', CAST(N'2026-03-04T12:30:00' AS DATETIME)),
    (14, N'FAC-CR-2026-0014', 14, 2, 3, CAST(83500.00 AS DECIMAL(10,2)), NULL, NULL, N'TR-20260606-6926', N'Davivienda Costa Rica', N'Transferencia bancaria confirmada contra comprobante.', N'COMPLETADO', CAST(N'2026-06-06T17:25:00' AS DATETIME)),
    (15, N'FAC-CR-2026-0015', 15, 11, 3, CAST(30000.00 AS DECIMAL(10,2)), NULL, NULL, N'TR-20260310-4430', N'Promerica Costa Rica', N'Transferencia bancaria confirmada contra comprobante.', N'COMPLETADO', CAST(N'2026-03-10T20:10:00' AS DATETIME)),
    (16, N'FAC-CR-2026-0016', 16, 7, 2, CAST(50000.00 AS DECIMAL(10,2)), NULL, NULL, N'TARJ-385033', N'Banco Nacional', N'Pago con tarjeta confirmado por datáfono.', N'COMPLETADO', CAST(N'2026-01-20T17:20:00' AS DATETIME)),
    (17, N'FAC-CR-2026-0017', 17, 11, 4, CAST(67500.00 AS DECIMAL(10,2)), NULL, NULL, N'SINPE-969451', N'BAC Credomatic', N'Pago por SINPE Móvil confirmado.', N'COMPLETADO', CAST(N'2026-01-13T10:15:00' AS DATETIME)),
    (18, N'FAC-CR-2026-0018', 18, 2, 3, CAST(95000.00 AS DECIMAL(10,2)), NULL, NULL, N'TR-20260402-5829', N'Banco Nacional', N'Transferencia bancaria confirmada contra comprobante.', N'COMPLETADO', CAST(N'2026-04-02T11:25:00' AS DATETIME)),
    (19, N'FAC-CR-2026-0019', 19, 5, 2, CAST(42000.00 AS DECIMAL(10,2)), NULL, NULL, N'TARJ-603956', N'Promerica Costa Rica', N'Pago con tarjeta confirmado por datáfono.', N'COMPLETADO', CAST(N'2026-06-01T15:35:00' AS DATETIME)),
    (20, N'FAC-CR-2026-0020', 20, 11, 4, CAST(78000.00 AS DECIMAL(10,2)), NULL, NULL, N'SINPE-498091', N'Davivienda Costa Rica', N'Pago por SINPE Móvil confirmado.', N'COMPLETADO', CAST(N'2026-02-04T12:35:00' AS DATETIME)),
    (21, N'FAC-CR-2026-0021', 21, 7, 1, CAST(66000.00 AS DECIMAL(10,2)), CAST(70000.00 AS DECIMAL(10,2)), CAST(4000.00 AS DECIMAL(10,2)), NULL, NULL, N'Pago en efectivo recibido en caja.', N'COMPLETADO', CAST(N'2026-05-15T20:30:00' AS DATETIME)),
    (22, N'FAC-CR-2026-0022', 22, 2, 4, CAST(28000.00 AS DECIMAL(10,2)), NULL, NULL, N'SINPE-576931', N'BAC Credomatic', N'Pago por SINPE Móvil confirmado.', N'COMPLETADO', CAST(N'2026-03-23T11:30:00' AS DATETIME)),
    (23, N'FAC-CR-2026-0023', 23, 2, 4, CAST(69000.00 AS DECIMAL(10,2)), NULL, NULL, N'SINPE-297098', N'Davivienda Costa Rica', N'Pago por SINPE Móvil confirmado.', N'COMPLETADO', CAST(N'2026-02-04T19:20:00' AS DATETIME)),
    (24, N'FAC-CR-2026-0024', 24, 7, 2, CAST(28000.00 AS DECIMAL(10,2)), NULL, NULL, N'TARJ-113036', N'Banco Nacional', N'Pago con tarjeta confirmado por datáfono.', N'COMPLETADO', CAST(N'2026-02-16T14:20:00' AS DATETIME)),
    (25, N'FAC-CR-2026-0025', 26, 2, 3, CAST(93000.00 AS DECIMAL(10,2)), NULL, NULL, N'TR-20260504-9008', N'Banco Popular', N'Transferencia bancaria confirmada contra comprobante.', N'COMPLETADO', CAST(N'2026-05-04T09:45:00' AS DATETIME)),
    (26, N'FAC-CR-2026-0026', 27, 5, 3, CAST(47500.00 AS DECIMAL(10,2)), NULL, NULL, N'TR-20260409-1657', N'BAC Credomatic', N'Transferencia bancaria confirmada contra comprobante.', N'COMPLETADO', CAST(N'2026-04-09T13:25:00' AS DATETIME)),
    (27, N'FAC-CR-2026-0027', 28, 11, 2, CAST(97500.00 AS DECIMAL(10,2)), NULL, NULL, N'TARJ-839903', N'Banco de Costa Rica', N'Pago con tarjeta confirmado por datáfono.', N'COMPLETADO', CAST(N'2026-02-17T12:10:00' AS DATETIME)),
    (28, N'FAC-CR-2026-0028', 30, 11, 2, CAST(87500.00 AS DECIMAL(10,2)), NULL, NULL, N'TARJ-229571', N'BAC Credomatic', N'Pago con tarjeta confirmado por datáfono.', N'COMPLETADO', CAST(N'2026-05-01T17:15:00' AS DATETIME)),
    (29, N'FAC-CR-2026-0029', 31, 11, 1, CAST(45000.00 AS DECIMAL(10,2)), CAST(45000.00 AS DECIMAL(10,2)), CAST(0.00 AS DECIMAL(10,2)), NULL, NULL, N'Pago en efectivo recibido en caja.', N'COMPLETADO', CAST(N'2026-03-23T17:15:00' AS DATETIME)),
    (30, N'FAC-CR-2026-0030', 32, 11, 1, CAST(66000.00 AS DECIMAL(10,2)), CAST(70000.00 AS DECIMAL(10,2)), CAST(4000.00 AS DECIMAL(10,2)), NULL, NULL, N'Pago en efectivo recibido en caja.', N'COMPLETADO', CAST(N'2026-01-06T17:10:00' AS DATETIME)),
    (31, N'FAC-CR-2026-0031', 33, 5, 4, CAST(60000.00 AS DECIMAL(10,2)), NULL, NULL, N'SINPE-559101', N'Banco de Costa Rica', N'Pago por SINPE Móvil confirmado.', N'COMPLETADO', CAST(N'2026-05-11T14:05:00' AS DATETIME)),
    (32, N'FAC-CR-2026-0032', 36, 7, 4, CAST(39500.00 AS DECIMAL(10,2)), NULL, NULL, N'SINPE-612149', N'Banco Nacional', N'Pago por SINPE Móvil confirmado.', N'COMPLETADO', CAST(N'2026-05-21T14:15:00' AS DATETIME)),
    (33, N'FAC-CR-2026-0033', 39, 5, 4, CAST(54000.00 AS DECIMAL(10,2)), NULL, NULL, N'SINPE-869832', N'Banco de Costa Rica', N'Pago por SINPE Móvil confirmado.', N'COMPLETADO', CAST(N'2026-05-21T19:30:00' AS DATETIME)),
    (34, N'FAC-CR-2026-0034', 40, 7, 2, CAST(113000.00 AS DECIMAL(10,2)), NULL, NULL, N'TARJ-153550', N'BAC Credomatic', N'Pago con tarjeta confirmado por datáfono.', N'COMPLETADO', CAST(N'2026-03-11T14:25:00' AS DATETIME)),
    (35, N'FAC-CR-2026-0035', 41, 5, 2, CAST(30000.00 AS DECIMAL(10,2)), NULL, NULL, N'TARJ-987525', N'Banco Nacional', N'Pago con tarjeta confirmado por datáfono.', N'COMPLETADO', CAST(N'2026-01-31T15:25:00' AS DATETIME)),
    (36, N'FAC-CR-2026-0036', 43, 7, 2, CAST(47500.00 AS DECIMAL(10,2)), NULL, NULL, N'TARJ-161897', N'BAC Credomatic', N'Pago con tarjeta confirmado por datáfono.', N'COMPLETADO', CAST(N'2026-06-01T11:45:00' AS DATETIME)),
    (37, N'FAC-CR-2026-0037', 45, 5, 2, CAST(103000.00 AS DECIMAL(10,2)), NULL, NULL, N'TARJ-120771', N'Banco Nacional', N'Pago con tarjeta confirmado por datáfono.', N'COMPLETADO', CAST(N'2026-04-27T16:35:00' AS DATETIME)),
    (38, N'FAC-CR-2026-0038', 46, 2, 2, CAST(50500.00 AS DECIMAL(10,2)), NULL, NULL, N'TARJ-929261', N'Banco de Costa Rica', N'Pago con tarjeta confirmado por datáfono.', N'COMPLETADO', CAST(N'2026-01-31T10:45:00' AS DATETIME)),
    (39, N'FAC-CR-2026-0039', 47, 2, 3, CAST(55000.00 AS DECIMAL(10,2)), NULL, NULL, N'TR-20260108-6816', N'Banco Nacional', N'Transferencia bancaria confirmada contra comprobante.', N'COMPLETADO', CAST(N'2026-01-08T11:15:00' AS DATETIME)),
    (40, N'FAC-CR-2026-0040', 48, 11, 2, CAST(63000.00 AS DECIMAL(10,2)), NULL, NULL, N'TARJ-629569', N'Promerica Costa Rica', N'Pago con tarjeta confirmado por datáfono.', N'COMPLETADO', CAST(N'2026-04-23T20:20:00' AS DATETIME)),
    (41, N'FAC-CR-2026-0041', 49, 11, 1, CAST(70000.00 AS DECIMAL(10,2)), CAST(70000.00 AS DECIMAL(10,2)), CAST(0.00 AS DECIMAL(10,2)), NULL, NULL, N'Pago en efectivo recibido en caja.', N'COMPLETADO', CAST(N'2026-04-06T10:05:00' AS DATETIME)),
    (42, N'FAC-CR-2026-0042', 50, 2, 2, CAST(60000.00 AS DECIMAL(10,2)), NULL, NULL, N'TARJ-450195', N'Promerica Costa Rica', N'Pago con tarjeta confirmado por datáfono.', N'COMPLETADO', CAST(N'2026-04-21T20:25:00' AS DATETIME)),
    (43, N'FAC-CR-2026-0043', 51, 2, 1, CAST(30000.00 AS DECIMAL(10,2)), CAST(30000.00 AS DECIMAL(10,2)), CAST(0.00 AS DECIMAL(10,2)), NULL, NULL, N'Pago en efectivo recibido en caja.', N'COMPLETADO', CAST(N'2026-01-21T18:20:00' AS DATETIME)),
    (44, N'FAC-CR-2026-0044', 52, 2, 2, CAST(72000.00 AS DECIMAL(10,2)), NULL, NULL, N'TARJ-659663', N'BAC Credomatic', N'Pago con tarjeta confirmado por datáfono.', N'COMPLETADO', CAST(N'2026-01-05T13:25:00' AS DATETIME)),
    (45, N'FAC-CR-2026-0045', 53, 5, 3, CAST(67500.00 AS DECIMAL(10,2)), NULL, NULL, N'TR-20260126-8294', N'Banco de Costa Rica', N'Transferencia bancaria confirmada contra comprobante.', N'COMPLETADO', CAST(N'2026-01-26T14:15:00' AS DATETIME)),
    (46, N'FAC-CR-2026-0046', 54, 5, 2, CAST(587500.00 AS DECIMAL(10,2)), NULL, NULL, N'TARJ-782728', N'Banco de Costa Rica', N'Pago con tarjeta confirmado por datáfono.', N'COMPLETADO', CAST(N'2026-01-08T19:30:00' AS DATETIME)),
    (47, N'FAC-CR-2026-0047', 55, 5, 3, CAST(63000.00 AS DECIMAL(10,2)), NULL, NULL, N'TR-20260417-2911', N'Scotiabank Costa Rica', N'Transferencia bancaria confirmada contra comprobante.', N'COMPLETADO', CAST(N'2026-04-17T18:25:00' AS DATETIME)),
    (48, N'FAC-CR-2026-0048', 56, 7, 3, CAST(109000.00 AS DECIMAL(10,2)), NULL, NULL, N'TR-20260606-4240', N'Banco Popular', N'Transferencia bancaria confirmada contra comprobante.', N'COMPLETADO', CAST(N'2026-06-06T14:00:00' AS DATETIME)),
    (49, N'FAC-CR-2026-0049', 57, 5, 2, CAST(549500.00 AS DECIMAL(10,2)), NULL, NULL, N'TARJ-743100', N'BAC Credomatic', N'Pago con tarjeta confirmado por datáfono.', N'COMPLETADO', CAST(N'2026-01-19T15:10:00' AS DATETIME)),
    (50, N'FAC-CR-2026-0050', 58, 7, 3, CAST(77000.00 AS DECIMAL(10,2)), NULL, NULL, N'TR-20260430-3973', N'Banco Popular', N'Transferencia bancaria confirmada contra comprobante.', N'COMPLETADO', CAST(N'2026-04-30T10:15:00' AS DATETIME)),
    (51, N'FAC-CR-2026-0051', 59, 7, 2, CAST(73000.00 AS DECIMAL(10,2)), NULL, NULL, N'TARJ-878795', N'Banco de Costa Rica', N'Pago con tarjeta confirmado por datáfono.', N'COMPLETADO', CAST(N'2026-06-11T11:05:00' AS DATETIME)),
    (52, N'FAC-CR-2026-0052', 60, 11, 3, CAST(59000.00 AS DECIMAL(10,2)), NULL, NULL, N'TR-20260615-6892', N'Davivienda Costa Rica', N'Transferencia bancaria confirmada contra comprobante.', N'COMPLETADO', CAST(N'2026-06-15T14:25:00' AS DATETIME)),
    (53, N'FAC-CR-2026-0053', 61, 11, 2, CAST(190000.00 AS DECIMAL(10,2)), NULL, NULL, N'TARJ-339504', N'Banco Nacional', N'Pago con tarjeta confirmado por datáfono.', N'COMPLETADO', CAST(N'2026-02-12T19:15:00' AS DATETIME)),
    (54, N'FAC-CR-2026-0054', 62, 7, 1, CAST(55000.00 AS DECIMAL(10,2)), CAST(55000.00 AS DECIMAL(10,2)), CAST(0.00 AS DECIMAL(10,2)), NULL, NULL, N'Pago en efectivo recibido en caja.', N'COMPLETADO', CAST(N'2026-04-23T11:10:00' AS DATETIME)),
    (55, N'FAC-CR-2026-0055', 63, 5, 3, CAST(35000.00 AS DECIMAL(10,2)), NULL, NULL, N'TR-20260228-2204', N'BAC Credomatic', N'Transferencia bancaria confirmada contra comprobante.', N'COMPLETADO', CAST(N'2026-02-28T09:25:00' AS DATETIME)),
    (56, N'FAC-CR-2026-0056', 64, 2, 4, CAST(66000.00 AS DECIMAL(10,2)), NULL, NULL, N'SINPE-235342', N'Davivienda Costa Rica', N'Pago por SINPE Móvil confirmado.', N'COMPLETADO', CAST(N'2026-06-16T17:45:00' AS DATETIME)),
    (57, N'FAC-CR-2026-0057', 65, 5, 2, CAST(57500.00 AS DECIMAL(10,2)), NULL, NULL, N'TARJ-287956', N'BAC Credomatic', N'Pago con tarjeta confirmado por datáfono.', N'COMPLETADO', CAST(N'2026-04-17T16:55:00' AS DATETIME)),
    (58, N'FAC-CR-2026-0058', 66, 5, 4, CAST(41500.00 AS DECIMAL(10,2)), NULL, NULL, N'SINPE-242674', N'Banco de Costa Rica', N'Pago por SINPE Móvil confirmado.', N'COMPLETADO', CAST(N'2026-04-11T15:30:00' AS DATETIME)),
    (59, N'FAC-CR-2026-0059', 67, 7, 3, CAST(208000.00 AS DECIMAL(10,2)), NULL, NULL, N'TR-20260414-1030', N'Banco Popular', N'Transferencia bancaria confirmada contra comprobante.', N'COMPLETADO', CAST(N'2026-04-14T15:55:00' AS DATETIME)),
    (60, N'FAC-CR-2026-0060', 68, 5, 2, CAST(81500.00 AS DECIMAL(10,2)), NULL, NULL, N'TARJ-596656', N'BAC Credomatic', N'Pago con tarjeta confirmado por datáfono.', N'COMPLETADO', CAST(N'2026-03-25T13:15:00' AS DATETIME)),
    (61, N'FAC-CR-2026-0061', 69, 11, 3, CAST(46000.00 AS DECIMAL(10,2)), NULL, NULL, N'TR-20260130-6408', N'Coopeservidores', N'Transferencia bancaria confirmada contra comprobante.', N'COMPLETADO', CAST(N'2026-01-30T12:45:00' AS DATETIME)),
    (62, N'FAC-CR-2026-0062', 70, 2, 3, CAST(35000.00 AS DECIMAL(10,2)), NULL, NULL, N'TR-20260518-3199', N'Scotiabank Costa Rica', N'Transferencia bancaria confirmada contra comprobante.', N'COMPLETADO', CAST(N'2026-05-18T10:15:00' AS DATETIME)),
    (63, N'FAC-CR-2026-0063', 71, 11, 2, CAST(101500.00 AS DECIMAL(10,2)), NULL, NULL, N'TARJ-548248', N'BAC Credomatic', N'Pago con tarjeta confirmado por datáfono.', N'COMPLETADO', CAST(N'2026-04-22T09:10:00' AS DATETIME)),
    (64, N'FAC-CR-2026-0064', 72, 7, 2, CAST(30500.00 AS DECIMAL(10,2)), NULL, NULL, N'TARJ-941347', N'Banco Nacional', N'Pago con tarjeta confirmado por datáfono.', N'COMPLETADO', CAST(N'2026-03-27T20:45:00' AS DATETIME)),
    (65, N'FAC-CR-2026-0065', 73, 5, 2, CAST(66000.00 AS DECIMAL(10,2)), NULL, NULL, N'TARJ-564569', N'Banco de Costa Rica', N'Pago con tarjeta confirmado por datáfono.', N'COMPLETADO', CAST(N'2026-02-27T12:20:00' AS DATETIME)),
    (66, N'FAC-CR-2026-0066', 74, 5, 4, CAST(67500.00 AS DECIMAL(10,2)), NULL, NULL, N'SINPE-691753', N'Banco Nacional', N'Pago por SINPE Móvil confirmado.', N'COMPLETADO', CAST(N'2026-06-08T15:05:00' AS DATETIME)),
    (67, N'FAC-CR-2026-0067', 75, 11, 1, CAST(52000.00 AS DECIMAL(10,2)), CAST(55000.00 AS DECIMAL(10,2)), CAST(3000.00 AS DECIMAL(10,2)), NULL, NULL, N'Pago en efectivo recibido en caja.', N'COMPLETADO', CAST(N'2026-01-27T12:15:00' AS DATETIME)),
    (68, N'FAC-CR-2026-0068', 76, 5, 1, CAST(37500.00 AS DECIMAL(10,2)), CAST(40000.00 AS DECIMAL(10,2)), CAST(2500.00 AS DECIMAL(10,2)), NULL, NULL, N'Pago en efectivo recibido en caja.', N'COMPLETADO', CAST(N'2026-05-25T14:10:00' AS DATETIME)),
    (69, N'FAC-CR-2026-0069', 78, 2, 2, CAST(79500.00 AS DECIMAL(10,2)), NULL, NULL, N'TARJ-584697', N'BAC Credomatic', N'Pago con tarjeta confirmado por datáfono.', N'COMPLETADO', CAST(N'2026-04-18T14:25:00' AS DATETIME)),
    (70, N'FAC-CR-2026-0070', 80, 5, 2, CAST(46500.00 AS DECIMAL(10,2)), NULL, NULL, N'TARJ-904939', N'Banco Nacional', N'Pago con tarjeta confirmado por datáfono.', N'COMPLETADO', CAST(N'2026-02-12T10:10:00' AS DATETIME)),
    (71, N'FAC-CR-2026-0071', 81, 11, 1, CAST(60000.00 AS DECIMAL(10,2)), CAST(60000.00 AS DECIMAL(10,2)), CAST(0.00 AS DECIMAL(10,2)), NULL, NULL, N'Pago en efectivo recibido en caja.', N'COMPLETADO', CAST(N'2026-05-07T12:25:00' AS DATETIME)),
    (72, N'FAC-CR-2026-0072', 82, 7, 2, CAST(56500.00 AS DECIMAL(10,2)), NULL, NULL, N'TARJ-686228', N'BAC Credomatic', N'Pago con tarjeta confirmado por datáfono.', N'COMPLETADO', CAST(N'2026-04-21T14:05:00' AS DATETIME)),
    (73, N'FAC-CR-2026-0073', 83, 2, 4, CAST(60000.00 AS DECIMAL(10,2)), NULL, NULL, N'SINPE-832204', N'Banco de Costa Rica', N'Pago por SINPE Móvil confirmado.', N'COMPLETADO', CAST(N'2026-05-11T13:00:00' AS DATETIME)),
    (74, N'FAC-CR-2026-0074', 84, 2, 1, CAST(83500.00 AS DECIMAL(10,2)), CAST(85000.00 AS DECIMAL(10,2)), CAST(1500.00 AS DECIMAL(10,2)), NULL, NULL, N'Pago en efectivo recibido en caja.', N'COMPLETADO', CAST(N'2026-06-10T15:50:00' AS DATETIME)),
    (75, N'FAC-CR-2026-0075', 85, 5, 3, CAST(47500.00 AS DECIMAL(10,2)), NULL, NULL, N'TR-20260124-1853', N'Banco Nacional', N'Transferencia bancaria confirmada contra comprobante.', N'COMPLETADO', CAST(N'2026-01-24T20:25:00' AS DATETIME)),
    (76, N'FAC-CR-2026-0076', 86, 7, 3, CAST(67000.00 AS DECIMAL(10,2)), NULL, NULL, N'TR-20260528-7297', N'Banco Popular', N'Transferencia bancaria confirmada contra comprobante.', N'COMPLETADO', CAST(N'2026-05-28T20:20:00' AS DATETIME)),
    (77, N'FAC-CR-2026-0077', 87, 11, 3, CAST(77000.00 AS DECIMAL(10,2)), NULL, NULL, N'TR-20260420-3268', N'Coopeservidores', N'Transferencia bancaria confirmada contra comprobante.', N'COMPLETADO', CAST(N'2026-04-20T12:15:00' AS DATETIME)),
    (78, N'FAC-CR-2026-0078', 88, 5, 3, CAST(36500.00 AS DECIMAL(10,2)), NULL, NULL, N'TR-20260427-5018', N'Coopeservidores', N'Transferencia bancaria confirmada contra comprobante.', N'COMPLETADO', CAST(N'2026-04-27T10:45:00' AS DATETIME)),
    (79, N'FAC-CR-2026-0079', 89, 2, 2, CAST(333000.00 AS DECIMAL(10,2)), NULL, NULL, N'TARJ-988030', N'Promerica Costa Rica', N'Pago con tarjeta confirmado por datáfono.', N'COMPLETADO', CAST(N'2026-01-06T14:20:00' AS DATETIME)),
    (80, N'FAC-CR-2026-0080', 90, 11, 2, CAST(41500.00 AS DECIMAL(10,2)), NULL, NULL, N'TARJ-270412', N'BAC Credomatic', N'Pago con tarjeta confirmado por datáfono.', N'COMPLETADO', CAST(N'2026-03-16T17:45:00' AS DATETIME)),
    (81, N'FAC-CR-2026-0081', 92, 5, 1, CAST(99500.00 AS DECIMAL(10,2)), CAST(100000.00 AS DECIMAL(10,2)), CAST(500.00 AS DECIMAL(10,2)), NULL, NULL, N'Pago en efectivo recibido en caja.', N'COMPLETADO', CAST(N'2026-04-10T11:50:00' AS DATETIME)),
    (82, N'FAC-CR-2026-0082', 93, 5, 2, CAST(50500.00 AS DECIMAL(10,2)), NULL, NULL, N'TARJ-258403', N'Banco Nacional', N'Pago con tarjeta confirmado por datáfono.', N'COMPLETADO', CAST(N'2026-04-28T10:05:00' AS DATETIME)),
    (83, N'FAC-CR-2026-0083', 94, 7, 1, CAST(59500.00 AS DECIMAL(10,2)), CAST(60000.00 AS DECIMAL(10,2)), CAST(500.00 AS DECIMAL(10,2)), NULL, NULL, N'Pago en efectivo recibido en caja.', N'COMPLETADO', CAST(N'2026-06-09T17:05:00' AS DATETIME)),
    (84, N'FAC-CR-2026-0084', 95, 5, 4, CAST(109000.00 AS DECIMAL(10,2)), NULL, NULL, N'SINPE-262818', N'Banco Popular', N'Pago por SINPE Móvil confirmado.', N'COMPLETADO', CAST(N'2026-06-15T17:15:00' AS DATETIME)),
    (85, N'FAC-CR-2026-0085', 96, 2, 4, CAST(37500.00 AS DECIMAL(10,2)), NULL, NULL, N'SINPE-812911', N'Banco de Costa Rica', N'Pago por SINPE Móvil confirmado.', N'COMPLETADO', CAST(N'2026-02-06T14:45:00' AS DATETIME)),
    (86, N'FAC-CR-2026-0086', 97, 11, 2, CAST(110000.00 AS DECIMAL(10,2)), NULL, NULL, N'TARJ-141198', N'BAC Credomatic', N'Pago con tarjeta confirmado por datáfono.', N'COMPLETADO', CAST(N'2026-06-10T15:25:00' AS DATETIME)),
    (87, N'FAC-CR-2026-0087', 98, 7, 4, CAST(55000.00 AS DECIMAL(10,2)), NULL, NULL, N'SINPE-359334', N'Banco Popular', N'Pago por SINPE Móvil confirmado.', N'COMPLETADO', CAST(N'2026-06-02T20:20:00' AS DATETIME)),
    (88, N'FAC-CR-2026-0088', 100, 5, 2, CAST(30000.00 AS DECIMAL(10,2)), NULL, NULL, N'TARJ-191818', N'Banco de Costa Rica', N'Pago con tarjeta confirmado por datáfono.', N'COMPLETADO', CAST(N'2026-03-16T12:45:00' AS DATETIME)),
    (89, N'FAC-CR-2026-0089', 101, 7, 2, CAST(66500.00 AS DECIMAL(10,2)), NULL, NULL, N'TARJ-109028', N'Banco de Costa Rica', N'Pago con tarjeta confirmado por datáfono.', N'COMPLETADO', CAST(N'2026-05-13T13:05:00' AS DATETIME)),
    (90, N'FAC-CR-2026-0090', 102, 2, 1, CAST(33500.00 AS DECIMAL(10,2)), CAST(35000.00 AS DECIMAL(10,2)), CAST(1500.00 AS DECIMAL(10,2)), NULL, NULL, N'Pago en efectivo recibido en caja.', N'COMPLETADO', CAST(N'2026-01-12T10:30:00' AS DATETIME)),
    (91, N'FAC-CR-2026-0091', 103, 7, 1, CAST(44500.00 AS DECIMAL(10,2)), CAST(45000.00 AS DECIMAL(10,2)), CAST(500.00 AS DECIMAL(10,2)), NULL, NULL, N'Pago en efectivo recibido en caja.', N'COMPLETADO', CAST(N'2026-04-03T16:20:00' AS DATETIME)),
    (92, N'FAC-CR-2026-0092', 104, 5, 2, CAST(30500.00 AS DECIMAL(10,2)), NULL, NULL, N'TARJ-433235', N'Banco Nacional', N'Pago con tarjeta confirmado por datáfono.', N'COMPLETADO', CAST(N'2026-05-23T15:45:00' AS DATETIME)),
    (93, N'FAC-CR-2026-0093', 105, 5, 3, CAST(27500.00 AS DECIMAL(10,2)), NULL, NULL, N'TR-20260117-8022', N'Banco de Costa Rica', N'Transferencia bancaria confirmada contra comprobante.', N'COMPLETADO', CAST(N'2026-01-17T10:50:00' AS DATETIME)),
    (94, N'FAC-CR-2026-0094', 106, 11, 3, CAST(72000.00 AS DECIMAL(10,2)), NULL, NULL, N'TR-20260324-1608', N'Coopeservidores', N'Transferencia bancaria confirmada contra comprobante.', N'COMPLETADO', CAST(N'2026-03-24T15:35:00' AS DATETIME)),
    (95, N'FAC-CR-2026-0095', 107, 7, 3, CAST(49500.00 AS DECIMAL(10,2)), NULL, NULL, N'TR-20260506-3613', N'Banco de Costa Rica', N'Transferencia bancaria confirmada contra comprobante.', N'COMPLETADO', CAST(N'2026-05-06T18:10:00' AS DATETIME)),
    (96, N'FAC-CR-2026-0096', 108, 7, 2, CAST(55000.00 AS DECIMAL(10,2)), NULL, NULL, N'TARJ-464316', N'BAC Credomatic', N'Pago con tarjeta confirmado por datáfono.', N'COMPLETADO', CAST(N'2026-02-17T10:50:00' AS DATETIME)),
    (97, N'FAC-CR-2026-0097', 109, 11, 1, CAST(60000.00 AS DECIMAL(10,2)), CAST(60000.00 AS DECIMAL(10,2)), CAST(0.00 AS DECIMAL(10,2)), NULL, NULL, N'Pago en efectivo recibido en caja.', N'COMPLETADO', CAST(N'2026-03-07T16:15:00' AS DATETIME)),
    (98, N'FAC-CR-2026-0098', 110, 2, 2, CAST(32500.00 AS DECIMAL(10,2)), NULL, NULL, N'TARJ-521193', N'Promerica Costa Rica', N'Pago con tarjeta confirmado por datáfono.', N'COMPLETADO', CAST(N'2026-04-16T10:25:00' AS DATETIME)),
    (99, N'FAC-CR-2026-0099', 111, 2, 1, CAST(547500.00 AS DECIMAL(10,2)), CAST(550000.00 AS DECIMAL(10,2)), CAST(2500.00 AS DECIMAL(10,2)), NULL, NULL, N'Pago en efectivo recibido en caja.', N'COMPLETADO', CAST(N'2026-04-09T15:50:00' AS DATETIME)),
    (100, N'FAC-CR-2026-0100', 112, 2, 3, CAST(83500.00 AS DECIMAL(10,2)), NULL, NULL, N'TR-20260107-3417', N'Davivienda Costa Rica', N'Transferencia bancaria confirmada contra comprobante.', N'COMPLETADO', CAST(N'2026-01-07T10:45:00' AS DATETIME)),
    (101, N'FAC-CR-2026-0101', 113, 7, 3, CAST(47500.00 AS DECIMAL(10,2)), NULL, NULL, N'TR-20260107-5642', N'Coopeservidores', N'Transferencia bancaria confirmada contra comprobante.', N'COMPLETADO', CAST(N'2026-01-07T20:15:00' AS DATETIME)),
    (102, N'FAC-CR-2026-0102', 115, 7, 2, CAST(32500.00 AS DECIMAL(10,2)), NULL, NULL, N'TARJ-743909', N'BAC Credomatic', N'Pago con tarjeta confirmado por datáfono.', N'COMPLETADO', CAST(N'2026-02-23T14:00:00' AS DATETIME)),
    (103, N'FAC-CR-2026-0103', 116, 11, 2, CAST(54000.00 AS DECIMAL(10,2)), NULL, NULL, N'TARJ-320565', N'Banco de Costa Rica', N'Pago con tarjeta confirmado por datáfono.', N'COMPLETADO', CAST(N'2026-06-15T11:45:00' AS DATETIME)),
    (104, N'FAC-CR-2026-0104', 117, 2, 2, CAST(60000.00 AS DECIMAL(10,2)), NULL, NULL, N'TARJ-490171', N'Banco Nacional', N'Pago con tarjeta confirmado por datáfono.', N'COMPLETADO', CAST(N'2026-03-14T12:25:00' AS DATETIME)),
    (105, N'FAC-CR-2026-0105', 118, 7, 1, CAST(60000.00 AS DECIMAL(10,2)), CAST(60000.00 AS DECIMAL(10,2)), CAST(0.00 AS DECIMAL(10,2)), NULL, NULL, N'Pago en efectivo recibido en caja.', N'COMPLETADO', CAST(N'2026-01-20T19:25:00' AS DATETIME)),
    (106, N'FAC-CR-2026-0106', 119, 5, 1, CAST(47500.00 AS DECIMAL(10,2)), CAST(50000.00 AS DECIMAL(10,2)), CAST(2500.00 AS DECIMAL(10,2)), NULL, NULL, N'Pago en efectivo recibido en caja.', N'COMPLETADO', CAST(N'2026-03-07T17:45:00' AS DATETIME)),
    (107, N'FAC-CR-2026-0107', 121, 5, 3, CAST(56000.00 AS DECIMAL(10,2)), NULL, NULL, N'TR-20260407-1230', N'Scotiabank Costa Rica', N'Transferencia bancaria confirmada contra comprobante.', N'COMPLETADO', CAST(N'2026-04-07T11:55:00' AS DATETIME)),
    (108, N'FAC-CR-2026-0108', 122, 2, 1, CAST(380000.00 AS DECIMAL(10,2)), CAST(380000.00 AS DECIMAL(10,2)), CAST(0.00 AS DECIMAL(10,2)), NULL, NULL, N'Pago en efectivo recibido en caja.', N'COMPLETADO', CAST(N'2026-03-27T15:20:00' AS DATETIME)),
    (109, N'FAC-CR-2026-0109', 124, 5, 2, CAST(107500.00 AS DECIMAL(10,2)), NULL, NULL, N'TARJ-234841', N'Banco Nacional', N'Pago con tarjeta confirmado por datáfono.', N'COMPLETADO', CAST(N'2026-05-22T16:00:00' AS DATETIME)),
    (110, N'FAC-CR-2026-0110', 125, 11, 1, CAST(39500.00 AS DECIMAL(10,2)), CAST(40000.00 AS DECIMAL(10,2)), CAST(500.00 AS DECIMAL(10,2)), NULL, NULL, N'Pago en efectivo recibido en caja.', N'COMPLETADO', CAST(N'2026-04-08T15:15:00' AS DATETIME)),
    (111, N'FAC-CR-2026-0111', 126, 5, 3, CAST(97500.00 AS DECIMAL(10,2)), NULL, NULL, N'TR-20260612-8051', N'Davivienda Costa Rica', N'Transferencia bancaria confirmada contra comprobante.', N'COMPLETADO', CAST(N'2026-06-12T19:25:00' AS DATETIME)),
    (112, N'FAC-CR-2026-0112', 127, 11, 1, CAST(38500.00 AS DECIMAL(10,2)), CAST(40000.00 AS DECIMAL(10,2)), CAST(1500.00 AS DECIMAL(10,2)), NULL, NULL, N'Pago en efectivo recibido en caja.', N'COMPLETADO', CAST(N'2026-02-12T19:00:00' AS DATETIME)),
    (113, N'FAC-CR-2026-0113', 128, 7, 4, CAST(30000.00 AS DECIMAL(10,2)), NULL, NULL, N'SINPE-474063', N'Banco de Costa Rica', N'Pago por SINPE Móvil confirmado.', N'COMPLETADO', CAST(N'2026-03-25T12:10:00' AS DATETIME)),
    (114, N'FAC-CR-2026-0114', 129, 7, 4, CAST(50000.00 AS DECIMAL(10,2)), NULL, NULL, N'SINPE-106185', N'BAC Credomatic', N'Pago por SINPE Móvil confirmado.', N'COMPLETADO', CAST(N'2026-01-28T12:00:00' AS DATETIME)),
    (115, N'FAC-CR-2026-0115', 130, 5, 1, CAST(42000.00 AS DECIMAL(10,2)), CAST(45000.00 AS DECIMAL(10,2)), CAST(3000.00 AS DECIMAL(10,2)), NULL, NULL, N'Pago en efectivo recibido en caja.', N'COMPLETADO', CAST(N'2026-03-18T13:05:00' AS DATETIME)),
    (116, N'FAC-CR-2026-0116', 131, 11, 3, CAST(38500.00 AS DECIMAL(10,2)), NULL, NULL, N'TR-20260407-6822', N'Banco Popular', N'Transferencia bancaria confirmada contra comprobante.', N'COMPLETADO', CAST(N'2026-04-07T18:40:00' AS DATETIME)),
    (117, N'FAC-CR-2026-0117', 132, 5, 1, CAST(34500.00 AS DECIMAL(10,2)), CAST(35000.00 AS DECIMAL(10,2)), CAST(500.00 AS DECIMAL(10,2)), NULL, NULL, N'Pago en efectivo recibido en caja.', N'COMPLETADO', CAST(N'2026-03-12T16:35:00' AS DATETIME)),
    (118, N'FAC-CR-2026-0118', 133, 5, 1, CAST(60000.00 AS DECIMAL(10,2)), CAST(60000.00 AS DECIMAL(10,2)), CAST(0.00 AS DECIMAL(10,2)), NULL, NULL, N'Pago en efectivo recibido en caja.', N'COMPLETADO', CAST(N'2026-05-22T11:10:00' AS DATETIME)),
    (119, N'FAC-CR-2026-0119', 134, 5, 1, CAST(53000.00 AS DECIMAL(10,2)), CAST(55000.00 AS DECIMAL(10,2)), CAST(2000.00 AS DECIMAL(10,2)), NULL, NULL, N'Pago en efectivo recibido en caja.', N'COMPLETADO', CAST(N'2026-04-04T09:15:00' AS DATETIME)),
    (120, N'FAC-CR-2026-0120', 135, 2, 3, CAST(357000.00 AS DECIMAL(10,2)), NULL, NULL, N'TR-20260325-4567', N'Davivienda Costa Rica', N'Transferencia bancaria confirmada contra comprobante.', N'COMPLETADO', CAST(N'2026-03-25T18:35:00' AS DATETIME)),
    (121, N'FAC-CR-2026-0121', 136, 2, 1, CAST(35000.00 AS DECIMAL(10,2)), CAST(35000.00 AS DECIMAL(10,2)), CAST(0.00 AS DECIMAL(10,2)), NULL, NULL, N'Pago en efectivo recibido en caja.', N'COMPLETADO', CAST(N'2026-05-29T17:40:00' AS DATETIME)),
    (122, N'FAC-CR-2026-0122', 137, 2, 3, CAST(73000.00 AS DECIMAL(10,2)), NULL, NULL, N'TR-20260514-6243', N'BAC Credomatic', N'Transferencia bancaria confirmada contra comprobante.', N'COMPLETADO', CAST(N'2026-05-14T16:15:00' AS DATETIME)),
    (123, N'FAC-CR-2026-0123', 138, 7, 3, CAST(202500.00 AS DECIMAL(10,2)), NULL, NULL, N'TR-20260120-4950', N'Davivienda Costa Rica', N'Transferencia bancaria confirmada contra comprobante.', N'COMPLETADO', CAST(N'2026-01-20T12:45:00' AS DATETIME)),
    (124, N'FAC-CR-2026-0124', 139, 5, 4, CAST(66000.00 AS DECIMAL(10,2)), NULL, NULL, N'SINPE-721566', N'Davivienda Costa Rica', N'Pago por SINPE Móvil confirmado.', N'COMPLETADO', CAST(N'2026-05-09T11:10:00' AS DATETIME)),
    (125, N'FAC-CR-2026-0125', 140, 7, 2, CAST(33500.00 AS DECIMAL(10,2)), NULL, NULL, N'TARJ-512636', N'Promerica Costa Rica', N'Pago con tarjeta confirmado por datáfono.', N'COMPLETADO', CAST(N'2026-03-03T18:55:00' AS DATETIME)),
    (126, N'FAC-CR-2026-0126', 141, 2, 1, CAST(42500.00 AS DECIMAL(10,2)), CAST(45000.00 AS DECIMAL(10,2)), CAST(2500.00 AS DECIMAL(10,2)), NULL, NULL, N'Pago en efectivo recibido en caja.', N'COMPLETADO', CAST(N'2026-04-23T14:15:00' AS DATETIME)),
    (127, N'FAC-CR-2026-0127', 142, 5, 2, CAST(30000.00 AS DECIMAL(10,2)), NULL, NULL, N'TARJ-691229', N'BAC Credomatic', N'Pago con tarjeta confirmado por datáfono.', N'COMPLETADO', CAST(N'2026-05-19T15:50:00' AS DATETIME)),
    (128, N'FAC-CR-2026-0128', 144, 7, 2, CAST(285000.00 AS DECIMAL(10,2)), NULL, NULL, N'TARJ-524710', N'Promerica Costa Rica', N'Pago con tarjeta confirmado por datáfono.', N'COMPLETADO', CAST(N'2026-06-05T16:15:00' AS DATETIME)),
    (129, N'FAC-CR-2026-0129', 145, 7, 2, CAST(34500.00 AS DECIMAL(10,2)), NULL, NULL, N'TARJ-313973', N'BAC Credomatic', N'Pago con tarjeta confirmado por datáfono.', N'COMPLETADO', CAST(N'2026-01-16T17:05:00' AS DATETIME)),
    (130, N'FAC-CR-2026-0130', 146, 2, 1, CAST(29500.00 AS DECIMAL(10,2)), CAST(30000.00 AS DECIMAL(10,2)), CAST(500.00 AS DECIMAL(10,2)), NULL, NULL, N'Pago en efectivo recibido en caja.', N'COMPLETADO', CAST(N'2026-04-18T16:55:00' AS DATETIME)),
    (131, N'FAC-CR-2026-0131', 147, 7, 1, CAST(38500.00 AS DECIMAL(10,2)), CAST(40000.00 AS DECIMAL(10,2)), CAST(1500.00 AS DECIMAL(10,2)), NULL, NULL, N'Pago en efectivo recibido en caja.', N'COMPLETADO', CAST(N'2026-01-14T10:45:00' AS DATETIME)),
    (132, N'FAC-CR-2026-0132', 148, 11, 2, CAST(44500.00 AS DECIMAL(10,2)), NULL, NULL, N'TARJ-575602', N'Promerica Costa Rica', N'Pago con tarjeta confirmado por datáfono.', N'COMPLETADO', CAST(N'2026-02-06T19:15:00' AS DATETIME)),
    (133, N'FAC-CR-2026-0133', 149, 7, 2, CAST(95000.00 AS DECIMAL(10,2)), NULL, NULL, N'TARJ-584947', N'Promerica Costa Rica', N'Pago con tarjeta confirmado por datáfono.', N'COMPLETADO', CAST(N'2026-04-22T18:50:00' AS DATETIME)),
    (134, N'FAC-CR-2026-0134', 150, 2, 1, CAST(95000.00 AS DECIMAL(10,2)), CAST(95000.00 AS DECIMAL(10,2)), CAST(0.00 AS DECIMAL(10,2)), NULL, NULL, N'Pago en efectivo recibido en caja.', N'COMPLETADO', CAST(N'2026-02-03T13:25:00' AS DATETIME)),
    (135, N'FAC-CR-2026-0135', 151, 11, 1, CAST(103000.00 AS DECIMAL(10,2)), CAST(105000.00 AS DECIMAL(10,2)), CAST(2000.00 AS DECIMAL(10,2)), NULL, NULL, N'Pago en efectivo recibido en caja.', N'COMPLETADO', CAST(N'2026-01-09T14:10:00' AS DATETIME)),
    (136, N'FAC-CR-2026-0136', 152, 7, 3, CAST(45000.00 AS DECIMAL(10,2)), NULL, NULL, N'TR-20260311-2388', N'BAC Credomatic', N'Transferencia bancaria confirmada contra comprobante.', N'COMPLETADO', CAST(N'2026-03-11T10:35:00' AS DATETIME)),
    (137, N'FAC-CR-2026-0137', 153, 2, 1, CAST(128500.00 AS DECIMAL(10,2)), CAST(130000.00 AS DECIMAL(10,2)), CAST(1500.00 AS DECIMAL(10,2)), NULL, NULL, N'Pago en efectivo recibido en caja.', N'COMPLETADO', CAST(N'2026-05-15T18:40:00' AS DATETIME)),
    (138, N'FAC-CR-2026-0138', 155, 5, 2, CAST(42000.00 AS DECIMAL(10,2)), NULL, NULL, N'TARJ-651353', N'BAC Credomatic', N'Pago con tarjeta confirmado por datáfono.', N'COMPLETADO', CAST(N'2026-01-14T10:15:00' AS DATETIME)),
    (139, N'FAC-CR-2026-0139', 156, 11, 3, CAST(63500.00 AS DECIMAL(10,2)), NULL, NULL, N'TR-20260409-4840', N'Scotiabank Costa Rica', N'Transferencia bancaria confirmada contra comprobante.', N'COMPLETADO', CAST(N'2026-04-09T11:10:00' AS DATETIME)),
    (140, N'FAC-CR-2026-0140', 157, 11, 3, CAST(95000.00 AS DECIMAL(10,2)), NULL, NULL, N'TR-20260502-5818', N'Banco Popular', N'Transferencia bancaria confirmada contra comprobante.', N'COMPLETADO', CAST(N'2026-05-02T15:10:00' AS DATETIME)),
    (141, N'FAC-CR-2026-0141', 158, 5, 1, CAST(66000.00 AS DECIMAL(10,2)), CAST(70000.00 AS DECIMAL(10,2)), CAST(4000.00 AS DECIMAL(10,2)), NULL, NULL, N'Pago en efectivo recibido en caja.', N'COMPLETADO', CAST(N'2026-03-20T15:45:00' AS DATETIME)),
    (142, N'FAC-CR-2026-0142', 159, 5, 2, CAST(55000.00 AS DECIMAL(10,2)), NULL, NULL, N'TARJ-782449', N'Banco Nacional', N'Pago con tarjeta confirmado por datáfono.', N'COMPLETADO', CAST(N'2026-06-02T17:45:00' AS DATETIME)),
    (143, N'FAC-CR-2026-0143', 160, 11, 4, CAST(42000.00 AS DECIMAL(10,2)), NULL, NULL, N'SINPE-233380', N'Banco de Costa Rica', N'Pago por SINPE Móvil confirmado.', N'COMPLETADO', CAST(N'2026-02-14T17:25:00' AS DATETIME)),
    (144, N'FAC-CR-2026-0144', 162, 7, 2, CAST(93000.00 AS DECIMAL(10,2)), NULL, NULL, N'TARJ-800803', N'Banco Nacional', N'Pago con tarjeta confirmado por datáfono.', N'COMPLETADO', CAST(N'2026-03-20T18:05:00' AS DATETIME)),
    (145, N'FAC-CR-2026-0145', 163, 2, 3, CAST(79000.00 AS DECIMAL(10,2)), NULL, NULL, N'TR-20260508-2546', N'Banco Nacional', N'Transferencia bancaria confirmada contra comprobante.', N'COMPLETADO', CAST(N'2026-05-08T11:15:00' AS DATETIME)),
    (146, N'FAC-CR-2026-0146', 164, 11, 2, CAST(63500.00 AS DECIMAL(10,2)), NULL, NULL, N'TARJ-793435', N'Banco de Costa Rica', N'Pago con tarjeta confirmado por datáfono.', N'COMPLETADO', CAST(N'2026-05-28T14:05:00' AS DATETIME)),
    (147, N'FAC-CR-2026-0147', 165, 2, 1, CAST(380000.00 AS DECIMAL(10,2)), CAST(380000.00 AS DECIMAL(10,2)), CAST(0.00 AS DECIMAL(10,2)), NULL, NULL, N'Pago en efectivo recibido en caja.', N'COMPLETADO', CAST(N'2026-03-06T17:45:00' AS DATETIME)),
    (148, N'FAC-CR-2026-0148', 166, 5, 1, CAST(30000.00 AS DECIMAL(10,2)), CAST(30000.00 AS DECIMAL(10,2)), CAST(0.00 AS DECIMAL(10,2)), NULL, NULL, N'Pago en efectivo recibido en caja.', N'COMPLETADO', CAST(N'2026-05-25T11:30:00' AS DATETIME)),
    (149, N'FAC-CR-2026-0149', 167, 7, 1, CAST(42000.00 AS DECIMAL(10,2)), CAST(45000.00 AS DECIMAL(10,2)), CAST(3000.00 AS DECIMAL(10,2)), NULL, NULL, N'Pago en efectivo recibido en caja.', N'COMPLETADO', CAST(N'2026-03-26T11:25:00' AS DATETIME)),
    (150, N'FAC-CR-2026-0150', 168, 2, 3, CAST(97500.00 AS DECIMAL(10,2)), NULL, NULL, N'TR-20260425-7444', N'Promerica Costa Rica', N'Transferencia bancaria confirmada contra comprobante.', N'COMPLETADO', CAST(N'2026-04-25T09:30:00' AS DATETIME)),
    (151, N'FAC-CR-2026-0151', 169, 7, 4, CAST(30000.00 AS DECIMAL(10,2)), NULL, NULL, N'SINPE-456707', N'BAC Credomatic', N'Pago por SINPE Móvil confirmado.', N'COMPLETADO', CAST(N'2026-01-22T19:00:00' AS DATETIME)),
    (152, N'FAC-CR-2026-0152', 170, 7, 4, CAST(54000.00 AS DECIMAL(10,2)), NULL, NULL, N'SINPE-609247', N'Banco Popular', N'Pago por SINPE Móvil confirmado.', N'COMPLETADO', CAST(N'2026-06-12T16:55:00' AS DATETIME)),
    (153, N'FAC-CR-2026-0153', 171, 11, 3, CAST(35000.00 AS DECIMAL(10,2)), NULL, NULL, N'TR-20260226-4782', N'Banco Popular', N'Transferencia bancaria confirmada contra comprobante.', N'COMPLETADO', CAST(N'2026-02-26T12:45:00' AS DATETIME)),
    (154, N'FAC-CR-2026-0154', 173, 2, 1, CAST(79000.00 AS DECIMAL(10,2)), CAST(80000.00 AS DECIMAL(10,2)), CAST(1000.00 AS DECIMAL(10,2)), NULL, NULL, N'Pago en efectivo recibido en caja.', N'COMPLETADO', CAST(N'2026-04-29T15:20:00' AS DATETIME)),
    (155, N'FAC-CR-2026-0155', 174, 5, 1, CAST(317500.00 AS DECIMAL(10,2)), CAST(320000.00 AS DECIMAL(10,2)), CAST(2500.00 AS DECIMAL(10,2)), NULL, NULL, N'Pago en efectivo recibido en caja.', N'COMPLETADO', CAST(N'2026-01-29T11:25:00' AS DATETIME)),
    (156, N'FAC-CR-2026-0156', 176, 5, 3, CAST(65000.00 AS DECIMAL(10,2)), NULL, NULL, N'TR-20260202-2886', N'Scotiabank Costa Rica', N'Transferencia bancaria confirmada contra comprobante.', N'COMPLETADO', CAST(N'2026-02-02T18:35:00' AS DATETIME)),
    (157, N'FAC-CR-2026-0157', 178, 7, 2, CAST(620000.00 AS DECIMAL(10,2)), NULL, NULL, N'TARJ-245825', N'Banco Nacional', N'Pago con tarjeta confirmado por datáfono.', N'COMPLETADO', CAST(N'2026-03-11T13:15:00' AS DATETIME)),
    (158, N'FAC-CR-2026-0158', 179, 5, 3, CAST(30000.00 AS DECIMAL(10,2)), NULL, NULL, N'TR-20260107-2293', N'BAC Credomatic', N'Transferencia bancaria confirmada contra comprobante.', N'COMPLETADO', CAST(N'2026-01-07T12:55:00' AS DATETIME)),
    (159, N'FAC-CR-2026-0159', 180, 5, 1, CAST(67500.00 AS DECIMAL(10,2)), CAST(70000.00 AS DECIMAL(10,2)), CAST(2500.00 AS DECIMAL(10,2)), NULL, NULL, N'Pago en efectivo recibido en caja.', N'COMPLETADO', CAST(N'2026-04-24T20:15:00' AS DATETIME)),
    (160, N'FAC-CR-2026-0160', 181, 2, 1, CAST(45000.00 AS DECIMAL(10,2)), CAST(45000.00 AS DECIMAL(10,2)), CAST(0.00 AS DECIMAL(10,2)), NULL, NULL, N'Pago en efectivo recibido en caja.', N'COMPLETADO', CAST(N'2026-05-28T18:15:00' AS DATETIME)),
    (161, N'FAC-CR-2026-0161', 182, 11, 4, CAST(30500.00 AS DECIMAL(10,2)), NULL, NULL, N'SINPE-149707', N'Banco Popular', N'Pago por SINPE Móvil confirmado.', N'COMPLETADO', CAST(N'2026-04-03T15:45:00' AS DATETIME)),
    (162, N'FAC-CR-2026-0162', 183, 11, 3, CAST(91500.00 AS DECIMAL(10,2)), NULL, NULL, N'TR-20260604-4451', N'Promerica Costa Rica', N'Transferencia bancaria confirmada contra comprobante.', N'COMPLETADO', CAST(N'2026-06-04T17:30:00' AS DATETIME)),
    (163, N'FAC-CR-2026-0163', 185, 5, 2, CAST(50500.00 AS DECIMAL(10,2)), NULL, NULL, N'TARJ-177987', N'Banco Nacional', N'Pago con tarjeta confirmado por datáfono.', N'COMPLETADO', CAST(N'2026-01-12T20:20:00' AS DATETIME)),
    (164, N'FAC-CR-2026-0164', 186, 7, 4, CAST(34500.00 AS DECIMAL(10,2)), NULL, NULL, N'SINPE-267201', N'Banco Nacional', N'Pago por SINPE Móvil confirmado.', N'COMPLETADO', CAST(N'2026-01-08T17:00:00' AS DATETIME)),
    (165, N'FAC-CR-2026-0165', 187, 2, 1, CAST(77500.00 AS DECIMAL(10,2)), CAST(80000.00 AS DECIMAL(10,2)), CAST(2500.00 AS DECIMAL(10,2)), NULL, NULL, N'Pago en efectivo recibido en caja.', N'COMPLETADO', CAST(N'2026-04-25T16:10:00' AS DATETIME)),
    (166, N'FAC-CR-2026-0166', 188, 7, 1, CAST(42500.00 AS DECIMAL(10,2)), CAST(45000.00 AS DECIMAL(10,2)), CAST(2500.00 AS DECIMAL(10,2)), NULL, NULL, N'Pago en efectivo recibido en caja.', N'COMPLETADO', CAST(N'2026-05-07T17:25:00' AS DATETIME)),
    (167, N'FAC-CR-2026-0167', 189, 7, 4, CAST(60000.00 AS DECIMAL(10,2)), NULL, NULL, N'SINPE-224947', N'Banco Popular', N'Pago por SINPE Móvil confirmado.', N'COMPLETADO', CAST(N'2026-05-16T10:45:00' AS DATETIME)),
    (168, N'FAC-CR-2026-0168', 190, 2, 3, CAST(75000.00 AS DECIMAL(10,2)), NULL, NULL, N'TR-20260327-5155', N'Scotiabank Costa Rica', N'Transferencia bancaria confirmada contra comprobante.', N'COMPLETADO', CAST(N'2026-03-27T14:15:00' AS DATETIME)),
    (169, N'FAC-CR-2026-0169', 191, 7, 1, CAST(34500.00 AS DECIMAL(10,2)), CAST(35000.00 AS DECIMAL(10,2)), CAST(500.00 AS DECIMAL(10,2)), NULL, NULL, N'Pago en efectivo recibido en caja.', N'COMPLETADO', CAST(N'2026-02-16T15:10:00' AS DATETIME)),
    (170, N'FAC-CR-2026-0170', 192, 2, 1, CAST(95000.00 AS DECIMAL(10,2)), CAST(95000.00 AS DECIMAL(10,2)), CAST(0.00 AS DECIMAL(10,2)), NULL, NULL, N'Pago en efectivo recibido en caja.', N'COMPLETADO', CAST(N'2026-03-24T18:30:00' AS DATETIME)),
    (171, N'FAC-CR-2026-0171', 193, 11, 4, CAST(30000.00 AS DECIMAL(10,2)), NULL, NULL, N'SINPE-401029', N'Banco Popular', N'Pago por SINPE Móvil confirmado.', N'COMPLETADO', CAST(N'2026-05-16T18:15:00' AS DATETIME)),
    (172, N'FAC-CR-2026-0172', 194, 2, 2, CAST(25000.00 AS DECIMAL(10,2)), NULL, NULL, N'TARJ-380285', N'Banco de Costa Rica', N'Pago con tarjeta confirmado por datáfono.', N'COMPLETADO', CAST(N'2026-05-30T16:55:00' AS DATETIME)),
    (173, N'FAC-CR-2026-0173', 195, 11, 2, CAST(32500.00 AS DECIMAL(10,2)), NULL, NULL, N'TARJ-777774', N'Promerica Costa Rica', N'Pago con tarjeta confirmado por datáfono.', N'COMPLETADO', CAST(N'2026-03-30T12:45:00' AS DATETIME)),
    (174, N'FAC-CR-2026-0174', 196, 5, 2, CAST(56500.00 AS DECIMAL(10,2)), NULL, NULL, N'TARJ-410290', N'Banco de Costa Rica', N'Pago con tarjeta confirmado por datáfono.', N'COMPLETADO', CAST(N'2026-06-10T12:20:00' AS DATETIME)),
    (175, N'FAC-CR-2026-0175', 197, 2, 4, CAST(81500.00 AS DECIMAL(10,2)), NULL, NULL, N'SINPE-351634', N'Banco Nacional', N'Pago por SINPE Móvil confirmado.', N'COMPLETADO', CAST(N'2026-03-03T11:05:00' AS DATETIME)),
    (176, N'FAC-CR-2026-0176', 198, 11, 2, CAST(81500.00 AS DECIMAL(10,2)), NULL, NULL, N'TARJ-697006', N'BAC Credomatic', N'Pago con tarjeta confirmado por datáfono.', N'COMPLETADO', CAST(N'2026-05-18T17:15:00' AS DATETIME)),
    (177, N'FAC-CR-2026-0177', 199, 7, 1, CAST(574500.00 AS DECIMAL(10,2)), CAST(575000.00 AS DECIMAL(10,2)), CAST(500.00 AS DECIMAL(10,2)), NULL, NULL, N'Pago en efectivo recibido en caja.', N'COMPLETADO', CAST(N'2026-05-15T11:05:00' AS DATETIME)),
    (178, N'FAC-CR-2026-0178', 200, 7, 2, CAST(208000.00 AS DECIMAL(10,2)), NULL, NULL, N'TARJ-426734', N'Banco de Costa Rica', N'Pago con tarjeta confirmado por datáfono.', N'COMPLETADO', CAST(N'2026-05-18T13:50:00' AS DATETIME)),
    (179, N'FAC-CR-2026-0179', 201, 5, 1, CAST(44500.00 AS DECIMAL(10,2)), CAST(45000.00 AS DECIMAL(10,2)), CAST(500.00 AS DECIMAL(10,2)), NULL, NULL, N'Pago en efectivo recibido en caja.', N'COMPLETADO', CAST(N'2026-03-02T12:40:00' AS DATETIME)),
    (180, N'FAC-CR-2026-0180', 202, 7, 1, CAST(34500.00 AS DECIMAL(10,2)), CAST(35000.00 AS DECIMAL(10,2)), CAST(500.00 AS DECIMAL(10,2)), NULL, NULL, N'Pago en efectivo recibido en caja.', N'COMPLETADO', CAST(N'2026-01-17T16:20:00' AS DATETIME)),
    (181, N'FAC-CR-2026-0181', 203, 5, 2, CAST(615000.00 AS DECIMAL(10,2)), NULL, NULL, N'TARJ-942984', N'Banco Nacional', N'Pago con tarjeta confirmado por datáfono.', N'COMPLETADO', CAST(N'2026-02-06T13:10:00' AS DATETIME)),
    (182, N'FAC-CR-2026-0182', 205, 11, 3, CAST(60000.00 AS DECIMAL(10,2)), NULL, NULL, N'TR-20260508-8115', N'Davivienda Costa Rica', N'Transferencia bancaria confirmada contra comprobante.', N'COMPLETADO', CAST(N'2026-05-08T18:45:00' AS DATETIME)),
    (183, N'FAC-CR-2026-0183', 206, 2, 3, CAST(103000.00 AS DECIMAL(10,2)), NULL, NULL, N'TR-20260303-6558', N'Banco Popular', N'Transferencia bancaria confirmada contra comprobante.', N'COMPLETADO', CAST(N'2026-03-03T20:10:00' AS DATETIME)),
    (184, N'FAC-CR-2026-0184', 207, 7, 2, CAST(34500.00 AS DECIMAL(10,2)), NULL, NULL, N'TARJ-620231', N'Banco Nacional', N'Pago con tarjeta confirmado por datáfono.', N'COMPLETADO', CAST(N'2026-05-18T12:20:00' AS DATETIME)),
    (185, N'FAC-CR-2026-0185', 208, 5, 4, CAST(510000.00 AS DECIMAL(10,2)), NULL, NULL, N'SINPE-628987', N'Banco de Costa Rica', N'Pago por SINPE Móvil confirmado.', N'COMPLETADO', CAST(N'2026-04-30T18:35:00' AS DATETIME)),
    (186, N'FAC-CR-2026-0186', 209, 5, 3, CAST(56000.00 AS DECIMAL(10,2)), NULL, NULL, N'TR-20260205-9820', N'BAC Credomatic', N'Transferencia bancaria confirmada contra comprobante.', N'COMPLETADO', CAST(N'2026-02-05T15:05:00' AS DATETIME)),
    (187, N'FAC-CR-2026-0187', 210, 11, 2, CAST(43000.00 AS DECIMAL(10,2)), NULL, NULL, N'TARJ-615564', N'BAC Credomatic', N'Pago con tarjeta confirmado por datáfono.', N'COMPLETADO', CAST(N'2026-01-10T15:10:00' AS DATETIME));
GO
SET IDENTITY_INSERT dbo.pagos OFF;
GO

-- =====================================================
-- MOVIMIENTOS DE INVENTARIO
-- =====================================================

SET IDENTITY_INSERT dbo.movimientos_inventario ON;
GO
INSERT INTO dbo.movimientos_inventario (id_movimiento, id_producto, id_cita, id_usuario, tipo, cantidad, stock_anterior, stock_resultante, motivo, fecha) VALUES
    (1, 32, NULL, 10, N'entrada', 22, 52, 74, N'Compra para reposición de inventario del mes 01.', CAST(N'2026-01-04T10:00:00' AS DATETIME)),
    (2, 49, NULL, 3, N'entrada', 8, 32, 40, N'Compra para reposición de inventario del mes 01.', CAST(N'2026-01-09T08:00:00' AS DATETIME)),
    (3, 44, NULL, 3, N'entrada', 23, 17, 40, N'Compra para reposición de inventario del mes 01.', CAST(N'2026-01-05T15:30:00' AS DATETIME)),
    (4, 22, NULL, 4, N'entrada', 19, 24, 43, N'Compra para reposición de inventario del mes 01.', CAST(N'2026-01-06T15:00:00' AS DATETIME)),
    (5, 47, NULL, 8, N'entrada', 17, 23, 40, N'Compra para reposición de inventario del mes 01.', CAST(N'2026-01-05T12:45:00' AS DATETIME)),
    (6, 46, NULL, 8, N'entrada', 6, 58, 64, N'Compra para reposición de inventario del mes 01.', CAST(N'2026-01-09T11:00:00' AS DATETIME)),
    (7, 17, NULL, 3, N'entrada', 10, 50, 60, N'Compra para reposición de inventario del mes 01.', CAST(N'2026-01-07T12:45:00' AS DATETIME)),
    (8, 50, NULL, 10, N'entrada', 10, 39, 49, N'Compra para reposición de inventario del mes 01.', CAST(N'2026-01-05T11:15:00' AS DATETIME)),
    (9, 24, NULL, 4, N'entrada', 16, 29, 45, N'Compra para reposición de inventario del mes 01.', CAST(N'2026-01-04T14:15:00' AS DATETIME)),
    (10, 16, NULL, 3, N'entrada', 9, 34, 43, N'Compra para reposición de inventario del mes 01.', CAST(N'2026-01-11T10:15:00' AS DATETIME)),
    (11, 23, NULL, 3, N'entrada', 22, 60, 82, N'Compra para reposición de inventario del mes 01.', CAST(N'2026-01-05T11:45:00' AS DATETIME)),
    (12, 1, NULL, 10, N'entrada', 12, 50, 62, N'Compra para reposición de inventario del mes 01.', CAST(N'2026-01-08T12:15:00' AS DATETIME)),
    (13, 48, NULL, 6, N'entrada', 9, 42, 51, N'Compra para reposición de inventario del mes 01.', CAST(N'2026-01-05T09:15:00' AS DATETIME)),
    (14, 18, NULL, 3, N'entrada', 4, 25, 29, N'Compra para reposición de inventario del mes 01.', CAST(N'2026-01-08T12:30:00' AS DATETIME)),
    (15, 33, NULL, 4, N'entrada', 11, 12, 23, N'Compra para reposición de inventario del mes 01.', CAST(N'2026-01-04T13:45:00' AS DATETIME)),
    (16, 30, NULL, 4, N'entrada', 17, 22, 39, N'Compra para reposición de inventario del mes 01.', CAST(N'2026-01-10T12:30:00' AS DATETIME)),
    (17, 41, NULL, 8, N'entrada', 21, 19, 40, N'Compra para reposición de inventario del mes 01.', CAST(N'2026-01-05T15:45:00' AS DATETIME)),
    (18, 6, NULL, 10, N'entrada', 15, 43, 58, N'Compra para reposición de inventario del mes 01.', CAST(N'2026-01-10T10:45:00' AS DATETIME)),
    (19, 35, NULL, 10, N'entrada', 21, 34, 55, N'Compra para reposición de inventario del mes 01.', CAST(N'2026-01-09T09:00:00' AS DATETIME)),
    (20, 5, NULL, 3, N'entrada', 8, 28, 36, N'Compra para reposición de inventario del mes 01.', CAST(N'2026-01-08T08:45:00' AS DATETIME)),
    (21, 3, NULL, 6, N'entrada', 9, 36, 45, N'Compra para reposición de inventario del mes 02.', CAST(N'2026-02-06T12:45:00' AS DATETIME)),
    (22, 2, NULL, 10, N'entrada', 9, 14, 23, N'Compra para reposición de inventario del mes 02.', CAST(N'2026-02-06T08:45:00' AS DATETIME)),
    (23, 40, NULL, 8, N'entrada', 22, 45, 67, N'Compra para reposición de inventario del mes 02.', CAST(N'2026-02-06T12:00:00' AS DATETIME)),
    (24, 15, NULL, 10, N'entrada', 14, 41, 55, N'Compra para reposición de inventario del mes 02.', CAST(N'2026-02-06T10:15:00' AS DATETIME)),
    (25, 29, NULL, 6, N'entrada', 16, 44, 60, N'Compra para reposición de inventario del mes 02.', CAST(N'2026-02-06T13:15:00' AS DATETIME)),
    (26, 48, NULL, 6, N'entrada', 11, 51, 62, N'Compra para reposición de inventario del mes 02.', CAST(N'2026-02-09T15:15:00' AS DATETIME)),
    (27, 7, NULL, 8, N'entrada', 22, 43, 65, N'Compra para reposición de inventario del mes 02.', CAST(N'2026-02-04T14:00:00' AS DATETIME)),
    (28, 12, NULL, 10, N'entrada', 24, 34, 58, N'Compra para reposición de inventario del mes 02.', CAST(N'2026-02-06T13:30:00' AS DATETIME)),
    (29, 23, NULL, 8, N'entrada', 17, 82, 99, N'Compra para reposición de inventario del mes 02.', CAST(N'2026-02-05T13:15:00' AS DATETIME)),
    (30, 34, NULL, 3, N'entrada', 23, 50, 73, N'Compra para reposición de inventario del mes 02.', CAST(N'2026-02-11T14:15:00' AS DATETIME)),
    (31, 8, NULL, 4, N'entrada', 21, 54, 75, N'Compra para reposición de inventario del mes 02.', CAST(N'2026-02-04T13:30:00' AS DATETIME)),
    (32, 25, NULL, 4, N'entrada', 4, 7, 11, N'Compra para reposición de inventario del mes 02.', CAST(N'2026-02-10T09:30:00' AS DATETIME)),
    (33, 14, NULL, 6, N'entrada', 10, 55, 65, N'Compra para reposición de inventario del mes 02.', CAST(N'2026-02-06T08:00:00' AS DATETIME)),
    (34, 50, NULL, 4, N'entrada', 13, 49, 62, N'Compra para reposición de inventario del mes 02.', CAST(N'2026-02-07T14:15:00' AS DATETIME)),
    (35, 45, NULL, 4, N'entrada', 1, 53, 54, N'Compra para reposición de inventario del mes 02.', CAST(N'2026-02-03T12:15:00' AS DATETIME)),
    (36, 11, NULL, 6, N'entrada', 5, 52, 57, N'Compra para reposición de inventario del mes 02.', CAST(N'2026-02-09T09:30:00' AS DATETIME)),
    (37, 9, NULL, 6, N'entrada', 22, 58, 80, N'Compra para reposición de inventario del mes 02.', CAST(N'2026-02-04T13:45:00' AS DATETIME)),
    (38, 30, NULL, 6, N'entrada', 10, 39, 49, N'Compra para reposición de inventario del mes 02.', CAST(N'2026-02-08T12:30:00' AS DATETIME)),
    (39, 44, NULL, 6, N'entrada', 10, 40, 50, N'Compra para reposición de inventario del mes 02.', CAST(N'2026-02-03T11:00:00' AS DATETIME)),
    (40, 10, NULL, 10, N'entrada', 10, 47, 57, N'Compra para reposición de inventario del mes 02.', CAST(N'2026-02-09T11:00:00' AS DATETIME)),
    (41, 40, NULL, 6, N'entrada', 23, 67, 90, N'Compra para reposición de inventario del mes 03.', CAST(N'2026-03-03T09:30:00' AS DATETIME)),
    (42, 28, NULL, 6, N'entrada', 4, 4, 8, N'Compra para reposición de inventario del mes 03.', CAST(N'2026-03-11T09:00:00' AS DATETIME)),
    (43, 41, NULL, 3, N'entrada', 12, 40, 52, N'Compra para reposición de inventario del mes 03.', CAST(N'2026-03-06T08:15:00' AS DATETIME)),
    (44, 5, NULL, 8, N'entrada', 16, 36, 52, N'Compra para reposición de inventario del mes 03.', CAST(N'2026-03-08T11:30:00' AS DATETIME)),
    (45, 16, NULL, 6, N'entrada', 15, 43, 58, N'Compra para reposición de inventario del mes 03.', CAST(N'2026-03-10T15:15:00' AS DATETIME)),
    (46, 18, NULL, 8, N'entrada', 9, 29, 38, N'Compra para reposición de inventario del mes 03.', CAST(N'2026-03-03T09:45:00' AS DATETIME)),
    (47, 9, NULL, 4, N'entrada', 16, 80, 96, N'Compra para reposición de inventario del mes 03.', CAST(N'2026-03-09T08:30:00' AS DATETIME)),
    (48, 7, NULL, 4, N'entrada', 8, 65, 73, N'Compra para reposición de inventario del mes 03.', CAST(N'2026-03-11T08:45:00' AS DATETIME)),
    (49, 44, NULL, 4, N'entrada', 10, 50, 60, N'Compra para reposición de inventario del mes 03.', CAST(N'2026-03-04T10:30:00' AS DATETIME)),
    (50, 30, NULL, 6, N'entrada', 22, 49, 71, N'Compra para reposición de inventario del mes 03.', CAST(N'2026-03-03T15:45:00' AS DATETIME)),
    (51, 49, NULL, 6, N'entrada', 9, 40, 49, N'Compra para reposición de inventario del mes 03.', CAST(N'2026-03-03T12:15:00' AS DATETIME)),
    (52, 19, NULL, 4, N'entrada', 17, 56, 73, N'Compra para reposición de inventario del mes 03.', CAST(N'2026-03-08T14:00:00' AS DATETIME)),
    (53, 36, NULL, 3, N'entrada', 17, 28, 45, N'Compra para reposición de inventario del mes 03.', CAST(N'2026-03-05T11:00:00' AS DATETIME)),
    (54, 15, NULL, 4, N'entrada', 21, 55, 76, N'Compra para reposición de inventario del mes 03.', CAST(N'2026-03-04T14:30:00' AS DATETIME)),
    (55, 14, NULL, 10, N'entrada', 5, 65, 70, N'Compra para reposición de inventario del mes 03.', CAST(N'2026-03-11T14:30:00' AS DATETIME)),
    (56, 46, NULL, 4, N'entrada', 20, 64, 84, N'Compra para reposición de inventario del mes 03.', CAST(N'2026-03-03T09:45:00' AS DATETIME)),
    (57, 39, NULL, 10, N'entrada', 20, 39, 59, N'Compra para reposición de inventario del mes 03.', CAST(N'2026-03-11T09:15:00' AS DATETIME)),
    (58, 21, NULL, 10, N'entrada', 9, 31, 40, N'Compra para reposición de inventario del mes 03.', CAST(N'2026-03-09T09:45:00' AS DATETIME)),
    (59, 48, NULL, 6, N'entrada', 11, 62, 73, N'Compra para reposición de inventario del mes 03.', CAST(N'2026-03-05T14:00:00' AS DATETIME)),
    (60, 31, NULL, 8, N'entrada', 21, 12, 33, N'Compra para reposición de inventario del mes 03.', CAST(N'2026-03-08T14:30:00' AS DATETIME)),
    (61, 45, NULL, 8, N'entrada', 1, 54, 55, N'Compra para reposición de inventario del mes 04.', CAST(N'2026-04-04T13:00:00' AS DATETIME)),
    (62, 3, NULL, 3, N'entrada', 20, 45, 65, N'Compra para reposición de inventario del mes 04.', CAST(N'2026-04-06T15:15:00' AS DATETIME)),
    (63, 20, NULL, 3, N'entrada', 16, 33, 49, N'Compra para reposición de inventario del mes 04.', CAST(N'2026-04-05T13:00:00' AS DATETIME)),
    (64, 7, NULL, 10, N'entrada', 23, 73, 96, N'Compra para reposición de inventario del mes 04.', CAST(N'2026-04-05T10:30:00' AS DATETIME)),
    (65, 34, NULL, 10, N'entrada', 15, 73, 88, N'Compra para reposición de inventario del mes 04.', CAST(N'2026-04-11T12:00:00' AS DATETIME)),
    (66, 42, NULL, 4, N'entrada', 19, 35, 54, N'Compra para reposición de inventario del mes 04.', CAST(N'2026-04-08T13:45:00' AS DATETIME)),
    (67, 44, NULL, 6, N'entrada', 7, 60, 67, N'Compra para reposición de inventario del mes 04.', CAST(N'2026-04-05T10:30:00' AS DATETIME)),
    (68, 24, NULL, 8, N'entrada', 13, 45, 58, N'Compra para reposición de inventario del mes 04.', CAST(N'2026-04-05T10:00:00' AS DATETIME)),
    (69, 48, NULL, 4, N'entrada', 9, 73, 82, N'Compra para reposición de inventario del mes 04.', CAST(N'2026-04-09T10:00:00' AS DATETIME)),
    (70, 36, NULL, 3, N'entrada', 14, 45, 59, N'Compra para reposición de inventario del mes 04.', CAST(N'2026-04-06T08:45:00' AS DATETIME)),
    (71, 33, NULL, 4, N'entrada', 23, 23, 46, N'Compra para reposición de inventario del mes 04.', CAST(N'2026-04-03T13:00:00' AS DATETIME)),
    (72, 35, NULL, 8, N'entrada', 10, 55, 65, N'Compra para reposición de inventario del mes 04.', CAST(N'2026-04-06T12:45:00' AS DATETIME)),
    (73, 50, NULL, 6, N'entrada', 19, 62, 81, N'Compra para reposición de inventario del mes 04.', CAST(N'2026-04-10T10:00:00' AS DATETIME)),
    (74, 5, NULL, 10, N'entrada', 15, 52, 67, N'Compra para reposición de inventario del mes 04.', CAST(N'2026-04-03T15:00:00' AS DATETIME)),
    (75, 10, NULL, 3, N'entrada', 24, 57, 81, N'Compra para reposición de inventario del mes 04.', CAST(N'2026-04-11T14:45:00' AS DATETIME)),
    (76, 38, NULL, 4, N'entrada', 1, 25, 26, N'Compra para reposición de inventario del mes 04.', CAST(N'2026-04-06T12:00:00' AS DATETIME)),
    (77, 22, NULL, 8, N'entrada', 13, 43, 56, N'Compra para reposición de inventario del mes 04.', CAST(N'2026-04-04T11:45:00' AS DATETIME)),
    (78, 15, NULL, 6, N'entrada', 23, 76, 99, N'Compra para reposición de inventario del mes 04.', CAST(N'2026-04-06T12:00:00' AS DATETIME)),
    (79, 37, NULL, 3, N'entrada', 1, 46, 47, N'Compra para reposición de inventario del mes 04.', CAST(N'2026-04-09T15:30:00' AS DATETIME)),
    (80, 13, NULL, 4, N'entrada', 12, 38, 50, N'Compra para reposición de inventario del mes 04.', CAST(N'2026-04-08T14:30:00' AS DATETIME)),
    (81, 31, NULL, 3, N'entrada', 20, 33, 53, N'Compra para reposición de inventario del mes 05.', CAST(N'2026-05-08T10:00:00' AS DATETIME)),
    (82, 36, NULL, 4, N'entrada', 17, 59, 76, N'Compra para reposición de inventario del mes 05.', CAST(N'2026-05-09T14:30:00' AS DATETIME)),
    (83, 3, NULL, 10, N'entrada', 7, 65, 72, N'Compra para reposición de inventario del mes 05.', CAST(N'2026-05-09T10:00:00' AS DATETIME)),
    (84, 44, NULL, 6, N'entrada', 5, 67, 72, N'Compra para reposición de inventario del mes 05.', CAST(N'2026-05-06T13:00:00' AS DATETIME)),
    (85, 46, NULL, 10, N'entrada', 12, 84, 96, N'Compra para reposición de inventario del mes 05.', CAST(N'2026-05-05T12:00:00' AS DATETIME)),
    (86, 32, NULL, 3, N'entrada', 6, 74, 80, N'Compra para reposición de inventario del mes 05.', CAST(N'2026-05-05T10:45:00' AS DATETIME)),
    (87, 27, NULL, 3, N'entrada', 2, 6, 8, N'Compra para reposición de inventario del mes 05.', CAST(N'2026-05-07T14:00:00' AS DATETIME)),
    (88, 23, NULL, 6, N'entrada', 10, 99, 109, N'Compra para reposición de inventario del mes 05.', CAST(N'2026-05-04T08:15:00' AS DATETIME)),
    (89, 33, NULL, 3, N'entrada', 24, 46, 70, N'Compra para reposición de inventario del mes 05.', CAST(N'2026-05-06T14:30:00' AS DATETIME)),
    (90, 14, NULL, 6, N'entrada', 16, 70, 86, N'Compra para reposición de inventario del mes 05.', CAST(N'2026-05-08T14:00:00' AS DATETIME)),
    (91, 45, NULL, 8, N'entrada', 2, 55, 57, N'Compra para reposición de inventario del mes 05.', CAST(N'2026-05-06T13:45:00' AS DATETIME)),
    (92, 21, NULL, 4, N'entrada', 14, 40, 54, N'Compra para reposición de inventario del mes 05.', CAST(N'2026-05-04T08:30:00' AS DATETIME)),
    (93, 22, NULL, 4, N'entrada', 14, 56, 70, N'Compra para reposición de inventario del mes 05.', CAST(N'2026-05-11T12:30:00' AS DATETIME)),
    (94, 11, NULL, 10, N'entrada', 10, 57, 67, N'Compra para reposición de inventario del mes 05.', CAST(N'2026-05-09T11:45:00' AS DATETIME)),
    (95, 47, NULL, 4, N'entrada', 18, 40, 58, N'Compra para reposición de inventario del mes 05.', CAST(N'2026-05-03T08:15:00' AS DATETIME)),
    (96, 20, NULL, 8, N'entrada', 24, 49, 73, N'Compra para reposición de inventario del mes 05.', CAST(N'2026-05-05T15:30:00' AS DATETIME)),
    (97, 37, NULL, 4, N'entrada', 4, 47, 51, N'Compra para reposición de inventario del mes 05.', CAST(N'2026-05-04T15:45:00' AS DATETIME)),
    (98, 28, NULL, 8, N'entrada', 5, 8, 13, N'Compra para reposición de inventario del mes 05.', CAST(N'2026-05-11T09:45:00' AS DATETIME)),
    (99, 25, NULL, 4, N'entrada', 5, 11, 16, N'Compra para reposición de inventario del mes 05.', CAST(N'2026-05-07T15:30:00' AS DATETIME)),
    (100, 17, NULL, 4, N'entrada', 15, 60, 75, N'Compra para reposición de inventario del mes 05.', CAST(N'2026-05-11T13:45:00' AS DATETIME)),
    (101, 27, NULL, 10, N'entrada', 5, 8, 13, N'Compra para reposición de inventario del mes 06.', CAST(N'2026-06-10T11:15:00' AS DATETIME)),
    (102, 8, NULL, 4, N'entrada', 15, 75, 90, N'Compra para reposición de inventario del mes 06.', CAST(N'2026-06-03T10:00:00' AS DATETIME)),
    (103, 31, NULL, 6, N'entrada', 21, 53, 74, N'Compra para reposición de inventario del mes 06.', CAST(N'2026-06-03T08:30:00' AS DATETIME)),
    (104, 47, NULL, 3, N'entrada', 5, 58, 63, N'Compra para reposición de inventario del mes 06.', CAST(N'2026-06-03T15:30:00' AS DATETIME)),
    (105, 19, NULL, 6, N'entrada', 8, 73, 81, N'Compra para reposición de inventario del mes 06.', CAST(N'2026-06-05T10:15:00' AS DATETIME)),
    (106, 17, NULL, 4, N'entrada', 7, 75, 82, N'Compra para reposición de inventario del mes 06.', CAST(N'2026-06-03T09:45:00' AS DATETIME)),
    (107, 50, NULL, 3, N'entrada', 17, 81, 98, N'Compra para reposición de inventario del mes 06.', CAST(N'2026-06-11T10:15:00' AS DATETIME)),
    (108, 40, NULL, 4, N'entrada', 6, 90, 96, N'Compra para reposición de inventario del mes 06.', CAST(N'2026-06-11T13:30:00' AS DATETIME)),
    (109, 30, NULL, 10, N'entrada', 17, 71, 88, N'Compra para reposición de inventario del mes 06.', CAST(N'2026-06-08T14:00:00' AS DATETIME)),
    (110, 44, NULL, 6, N'entrada', 6, 72, 78, N'Compra para reposición de inventario del mes 06.', CAST(N'2026-06-11T13:45:00' AS DATETIME)),
    (111, 11, NULL, 10, N'entrada', 21, 67, 88, N'Compra para reposición de inventario del mes 06.', CAST(N'2026-06-06T10:00:00' AS DATETIME)),
    (112, 5, NULL, 4, N'entrada', 22, 67, 89, N'Compra para reposición de inventario del mes 06.', CAST(N'2026-06-06T15:30:00' AS DATETIME)),
    (113, 25, NULL, 8, N'entrada', 1, 16, 17, N'Compra para reposición de inventario del mes 06.', CAST(N'2026-06-07T08:15:00' AS DATETIME)),
    (114, 33, NULL, 3, N'entrada', 8, 70, 78, N'Compra para reposición de inventario del mes 06.', CAST(N'2026-06-10T08:15:00' AS DATETIME)),
    (115, 48, NULL, 6, N'entrada', 21, 82, 103, N'Compra para reposición de inventario del mes 06.', CAST(N'2026-06-03T09:30:00' AS DATETIME)),
    (116, 3, NULL, 8, N'entrada', 14, 72, 86, N'Compra para reposición de inventario del mes 06.', CAST(N'2026-06-09T11:00:00' AS DATETIME)),
    (117, 1, NULL, 3, N'entrada', 4, 62, 66, N'Compra para reposición de inventario del mes 06.', CAST(N'2026-06-04T14:30:00' AS DATETIME)),
    (118, 4, NULL, 8, N'entrada', 20, 40, 60, N'Compra para reposición de inventario del mes 06.', CAST(N'2026-06-11T14:00:00' AS DATETIME)),
    (119, 12, NULL, 10, N'entrada', 15, 58, 73, N'Compra para reposición de inventario del mes 06.', CAST(N'2026-06-07T15:30:00' AS DATETIME)),
    (120, 18, NULL, 6, N'entrada', 22, 38, 60, N'Compra para reposición de inventario del mes 06.', CAST(N'2026-06-09T08:30:00' AS DATETIME)),
    (121, 35, 1, 6, N'salida', 1, 65, 64, N'Uso de producto en cita #1 - Restauración mecánica de motor clásico.', CAST(N'2026-01-22T11:51:00' AS DATETIME)),
    (122, 23, 2, 12, N'salida', 3, 109, 106, N'Uso de producto en cita #2 - Diagnóstico eléctrico general.', CAST(N'2026-04-17T09:58:00' AS DATETIME)),
    (123, 24, 2, 4, N'salida', 1, 58, 57, N'Uso de producto en cita #2 - Diagnóstico eléctrico general.', CAST(N'2026-04-17T10:03:00' AS DATETIME)),
    (124, 49, 2, 12, N'salida', 3, 49, 46, N'Uso de producto en cita #2 - Diagnóstico eléctrico general.', CAST(N'2026-04-17T09:36:00' AS DATETIME)),
    (125, 8, 3, 6, N'salida', 3, 90, 87, N'Uso de producto en cita #3 - Revisión pre-DEKRA.', CAST(N'2026-01-07T11:26:00' AS DATETIME)),
    (126, 22, 3, 6, N'salida', 2, 70, 68, N'Uso de producto en cita #3 - Revisión pre-DEKRA.', CAST(N'2026-01-07T12:27:00' AS DATETIME)),
    (127, 16, 3, 12, N'salida', 1, 58, 57, N'Uso de producto en cita #3 - Revisión pre-DEKRA.', CAST(N'2026-01-07T11:25:00' AS DATETIME)),
    (128, 41, 4, 3, N'salida', 2, 52, 50, N'Uso de producto en cita #4 - Tapizado de asiento delantero.', CAST(N'2026-01-28T10:04:00' AS DATETIME)),
    (129, 40, 4, 12, N'salida', 1, 96, 95, N'Uso de producto en cita #4 - Tapizado de asiento delantero.', CAST(N'2026-01-28T09:53:00' AS DATETIME)),
    (130, 39, 4, 3, N'salida', 4, 59, 55, N'Uso de producto en cita #4 - Tapizado de asiento delantero.', CAST(N'2026-01-28T08:28:00' AS DATETIME)),
    (131, 23, 5, 8, N'salida', 5, 106, 101, N'Uso de producto en cita #5 - Reparación de luces y cableado.', CAST(N'2026-02-26T10:03:00' AS DATETIME)),
    (132, 10, 6, 3, N'salida', 1, 81, 80, N'Uso de producto en cita #6 - Cambio de aceite y filtro.', CAST(N'2026-04-14T10:35:00' AS DATETIME)),
    (133, 17, 7, 4, N'salida', 1, 82, 81, N'Uso de producto en cita #7 - Alineamiento y revisión de suspensión.', CAST(N'2026-05-19T17:52:00' AS DATETIME)),
    (134, 33, 9, 10, N'salida', 2, 78, 76, N'Uso de producto en cita #9 - Pulido y encerado de pintura.', CAST(N'2026-04-17T12:20:00' AS DATETIME)),
    (135, 7, 9, 12, N'salida', 1, 96, 95, N'Uso de producto en cita #9 - Pulido y encerado de pintura.', CAST(N'2026-04-17T12:28:00' AS DATETIME)),
    (136, 11, 10, 6, N'salida', 4, 88, 84, N'Uso de producto en cita #10 - Afinamiento completo de motor.', CAST(N'2026-01-21T11:26:00' AS DATETIME)),
    (137, 46, 11, 4, N'salida', 1, 96, 95, N'Uso de producto en cita #11 - Afinamiento completo de motor.', CAST(N'2026-05-09T14:20:00' AS DATETIME)),
    (138, 22, 12, 8, N'salida', 3, 68, 65, N'Uso de producto en cita #12 - Revisión pre-DEKRA.', CAST(N'2026-06-13T12:00:00' AS DATETIME)),
    (139, 23, 12, 12, N'salida', 4, 101, 97, N'Uso de producto en cita #12 - Revisión pre-DEKRA.', CAST(N'2026-06-13T10:55:00' AS DATETIME)),
    (140, 16, 12, 8, N'salida', 1, 57, 56, N'Uso de producto en cita #12 - Revisión pre-DEKRA.', CAST(N'2026-06-13T12:21:00' AS DATETIME)),
    (141, 8, 14, 3, N'salida', 2, 87, 85, N'Uso de producto en cita #14 - Diagnóstico integral para proyecto clásico.', CAST(N'2026-06-06T17:31:00' AS DATETIME)),
    (142, 33, 14, 3, N'salida', 2, 76, 74, N'Uso de producto en cita #14 - Diagnóstico integral para proyecto clásico.', CAST(N'2026-06-06T17:40:00' AS DATETIME)),
    (143, 48, 15, 10, N'salida', 1, 103, 102, N'Uso de producto en cita #15 - Ajuste y limpieza de frenos.', CAST(N'2026-03-10T18:26:00' AS DATETIME)),
    (144, 10, 17, 10, N'salida', 1, 80, 79, N'Uso de producto en cita #17 - Afinamiento menor de motor.', CAST(N'2026-01-13T10:58:00' AS DATETIME)),
    (145, 33, 18, 3, N'salida', 1, 74, 73, N'Uso de producto en cita #18 - Pulido y encerado de pintura.', CAST(N'2026-04-02T08:38:00' AS DATETIME)),
    (146, 16, 19, 6, N'salida', 1, 56, 55, N'Uso de producto en cita #19 - Cambio de pastillas de freno.', CAST(N'2026-06-01T15:31:00' AS DATETIME)),
    (147, 3, 19, 12, N'salida', 1, 86, 85, N'Uso de producto en cita #19 - Cambio de pastillas de freno.', CAST(N'2026-06-01T15:18:00' AS DATETIME)),
    (148, 13, 19, 12, N'salida', 1, 50, 49, N'Uso de producto en cita #19 - Cambio de pastillas de freno.', CAST(N'2026-06-01T17:22:00' AS DATETIME)),
    (149, 49, 21, 8, N'salida', 1, 46, 45, N'Uso de producto en cita #21 - Reparación de luces y cableado.', CAST(N'2026-05-15T17:19:00' AS DATETIME)),
    (150, 24, 21, 10, N'salida', 4, 57, 53, N'Uso de producto en cita #21 - Reparación de luces y cableado.', CAST(N'2026-05-15T16:46:00' AS DATETIME)),
    (151, 16, 22, 12, N'salida', 1, 55, 54, N'Uso de producto en cita #22 - Revisión pre-DEKRA.', CAST(N'2026-03-23T10:48:00' AS DATETIME)),
    (152, 8, 23, 8, N'salida', 1, 85, 84, N'Uso de producto en cita #23 - Revisión mecánica para compra de vehículo usado.', CAST(N'2026-02-04T18:35:00' AS DATETIME)),
    (153, 23, 23, 6, N'salida', 5, 97, 92, N'Uso de producto en cita #23 - Revisión mecánica para compra de vehículo usado.', CAST(N'2026-02-04T16:29:00' AS DATETIME)),
    (154, 23, 24, 8, N'salida', 3, 92, 89, N'Uso de producto en cita #24 - Revisión pre-DEKRA.', CAST(N'2026-02-16T12:53:00' AS DATETIME)),
    (155, 8, 24, 6, N'salida', 1, 84, 83, N'Uso de producto en cita #24 - Revisión pre-DEKRA.', CAST(N'2026-02-16T12:31:00' AS DATETIME)),
    (156, 2, 27, 4, N'salida', 1, 23, 22, N'Uso de producto en cita #27 - Cambio de aceite y filtro.', CAST(N'2026-04-09T13:10:00' AS DATETIME)),
    (157, 9, 27, 12, N'salida', 1, 96, 95, N'Uso de producto en cita #27 - Cambio de aceite y filtro.', CAST(N'2026-04-09T12:05:00' AS DATETIME)),
    (158, 46, 28, 6, N'salida', 1, 95, 94, N'Uso de producto en cita #28 - Afinamiento completo de motor.', CAST(N'2026-02-17T12:47:00' AS DATETIME)),
    (159, 12, 28, 8, N'salida', 1, 73, 72, N'Uso de producto en cita #28 - Afinamiento completo de motor.', CAST(N'2026-02-17T13:54:00' AS DATETIME)),
    (160, 2, 28, 4, N'salida', 2, 22, 20, N'Uso de producto en cita #28 - Afinamiento completo de motor.', CAST(N'2026-02-17T13:12:00' AS DATETIME)),
    (161, 20, 30, 12, N'salida', 1, 73, 72, N'Uso de producto en cita #30 - Cambio de amortiguadores delanteros.', CAST(N'2026-05-01T16:30:00' AS DATETIME)),
    (162, 47, 30, 6, N'salida', 1, 63, 62, N'Uso de producto en cita #30 - Cambio de amortiguadores delanteros.', CAST(N'2026-05-01T18:03:00' AS DATETIME)),
    (163, 8, 31, 8, N'salida', 2, 83, 81, N'Uso de producto en cita #31 - Revisión mecánica para compra de vehículo usado.', CAST(N'2026-03-23T17:14:00' AS DATETIME)),
    (164, 33, 33, 10, N'salida', 4, 73, 69, N'Uso de producto en cita #33 - Pulido y encerado de pintura.', CAST(N'2026-05-11T13:38:00' AS DATETIME)),
    (165, 7, 33, 3, N'salida', 1, 95, 94, N'Uso de producto en cita #33 - Pulido y encerado de pintura.', CAST(N'2026-05-11T15:45:00' AS DATETIME)),
    (166, 8, 33, 8, N'salida', 1, 81, 80, N'Uso de producto en cita #33 - Pulido y encerado de pintura.', CAST(N'2026-05-11T14:40:00' AS DATETIME)),
    (167, 2, 36, 3, N'salida', 2, 20, 18, N'Uso de producto en cita #36 - Cambio de aceite y filtro.', CAST(N'2026-05-21T11:01:00' AS DATETIME)),
    (168, 1, 36, 10, N'salida', 4, 66, 62, N'Uso de producto en cita #36 - Cambio de aceite y filtro.', CAST(N'2026-05-21T10:24:00' AS DATETIME)),
    (169, 9, 36, 12, N'salida', 1, 95, 94, N'Uso de producto en cita #36 - Cambio de aceite y filtro.', CAST(N'2026-05-21T12:06:00' AS DATETIME)),
    (170, 49, 39, 4, N'salida', 2, 45, 43, N'Uso de producto en cita #39 - Diagnóstico eléctrico general.', CAST(N'2026-05-21T16:39:00' AS DATETIME)),
    (171, 22, 39, 6, N'salida', 2, 65, 63, N'Uso de producto en cita #39 - Diagnóstico eléctrico general.', CAST(N'2026-05-21T16:26:00' AS DATETIME)),
    (172, 24, 39, 4, N'salida', 4, 53, 49, N'Uso de producto en cita #39 - Diagnóstico eléctrico general.', CAST(N'2026-05-21T18:59:00' AS DATETIME)),
    (173, 43, 40, 12, N'salida', 1, 37, 36, N'Uso de producto en cita #40 - Afinamiento completo de motor.', CAST(N'2026-03-11T13:43:00' AS DATETIME)),
    (174, 36, 40, 8, N'salida', 1, 76, 75, N'Uso de producto en cita #40 - Afinamiento completo de motor.', CAST(N'2026-03-11T15:58:00' AS DATETIME)),
    (175, 49, 41, 3, N'salida', 1, 43, 42, N'Uso de producto en cita #41 - Diagnóstico computarizado OBD.', CAST(N'2026-01-31T15:27:00' AS DATETIME)),
    (176, 23, 41, 4, N'salida', 5, 89, 84, N'Uso de producto en cita #41 - Diagnóstico computarizado OBD.', CAST(N'2026-01-31T15:37:00' AS DATETIME)),
    (177, 24, 41, 4, N'salida', 3, 49, 46, N'Uso de producto en cita #41 - Diagnóstico computarizado OBD.', CAST(N'2026-01-31T14:53:00' AS DATETIME)),
    (178, 2, 43, 3, N'salida', 4, 18, 14, N'Uso de producto en cita #43 - Cambio de aceite y filtro.', CAST(N'2026-06-01T08:48:00' AS DATETIME)),
    (179, 9, 43, 4, N'salida', 1, 94, 93, N'Uso de producto en cita #43 - Cambio de aceite y filtro.', CAST(N'2026-06-01T08:33:00' AS DATETIME)),
    (180, 1, 43, 12, N'salida', 4, 62, 58, N'Uso de producto en cita #43 - Cambio de aceite y filtro.', CAST(N'2026-06-01T10:17:00' AS DATETIME)),
    (181, 18, 45, 10, N'salida', 1, 60, 59, N'Uso de producto en cita #45 - Cambio de amortiguadores delanteros.', CAST(N'2026-04-27T17:12:00' AS DATETIME)),
    (182, 47, 45, 6, N'salida', 1, 62, 61, N'Uso de producto en cita #45 - Cambio de amortiguadores delanteros.', CAST(N'2026-04-27T15:19:00' AS DATETIME)),
    (183, 24, 46, 4, N'salida', 2, 46, 44, N'Uso de producto en cita #46 - Reparación de luces y cableado.', CAST(N'2026-01-31T10:27:00' AS DATETIME)),
    (184, 22, 46, 12, N'salida', 6, 63, 57, N'Uso de producto en cita #46 - Reparación de luces y cableado.', CAST(N'2026-01-31T10:29:00' AS DATETIME)),
    (185, 23, 46, 12, N'salida', 3, 84, 81, N'Uso de producto en cita #46 - Reparación de luces y cableado.', CAST(N'2026-01-31T08:53:00' AS DATETIME)),
    (186, 12, 47, 10, N'salida', 1, 72, 71, N'Uso de producto en cita #47 - Afinamiento menor de motor.', CAST(N'2026-01-08T12:21:00' AS DATETIME)),
    (187, 10, 47, 12, N'salida', 1, 79, 78, N'Uso de producto en cita #47 - Afinamiento menor de motor.', CAST(N'2026-01-08T10:39:00' AS DATETIME)),
    (188, 23, 48, 8, N'salida', 2, 81, 79, N'Uso de producto en cita #48 - Revisión mecánica para compra de vehículo usado.', CAST(N'2026-04-23T18:18:00' AS DATETIME)),
    (189, 8, 48, 8, N'salida', 4, 80, 76, N'Uso de producto en cita #48 - Revisión mecánica para compra de vehículo usado.', CAST(N'2026-04-23T17:56:00' AS DATETIME)),
    (190, 16, 48, 8, N'salida', 1, 54, 53, N'Uso de producto en cita #48 - Revisión mecánica para compra de vehículo usado.', CAST(N'2026-04-23T18:15:00' AS DATETIME)),
    (191, 9, 49, 3, N'salida', 1, 93, 92, N'Uso de producto en cita #49 - Cambio de aceite y filtro.', CAST(N'2026-04-06T10:59:00' AS DATETIME)),
    (192, 7, 50, 8, N'salida', 1, 94, 93, N'Uso de producto en cita #50 - Pulido y encerado de pintura.', CAST(N'2026-04-21T17:44:00' AS DATETIME)),
    (193, 49, 51, 6, N'salida', 4, 42, 38, N'Uso de producto en cita #51 - Diagnóstico computarizado OBD.', CAST(N'2026-01-21T18:15:00' AS DATETIME)),
    (194, 23, 51, 6, N'salida', 2, 79, 77, N'Uso de producto en cita #51 - Diagnóstico computarizado OBD.', CAST(N'2026-01-21T18:03:00' AS DATETIME)),
    (195, 24, 51, 12, N'salida', 4, 44, 40, N'Uso de producto en cita #51 - Diagnóstico computarizado OBD.', CAST(N'2026-01-21T17:42:00' AS DATETIME)),
    (196, 23, 52, 8, N'salida', 1, 77, 76, N'Uso de producto en cita #52 - Reparación de luces y cableado.', CAST(N'2026-01-05T11:38:00' AS DATETIME)),
    (197, 24, 52, 3, N'salida', 1, 40, 39, N'Uso de producto en cita #52 - Reparación de luces y cableado.', CAST(N'2026-01-05T13:38:00' AS DATETIME)),
    (198, 49, 52, 6, N'salida', 4, 38, 34, N'Uso de producto en cita #52 - Reparación de luces y cableado.', CAST(N'2026-01-05T11:32:00' AS DATETIME)),
    (199, 10, 53, 6, N'salida', 1, 78, 77, N'Uso de producto en cita #53 - Afinamiento menor de motor.', CAST(N'2026-01-26T15:21:00' AS DATETIME)),
    (200, 6, 54, 12, N'salida', 1, 58, 57, N'Uso de producto en cita #54 - Restauración estética de vehículo clásico.', CAST(N'2026-01-08T17:27:00' AS DATETIME)),
    (201, 20, 56, 12, N'salida', 1, 72, 71, N'Uso de producto en cita #56 - Cambio de amortiguadores delanteros.', CAST(N'2026-06-06T10:17:00' AS DATETIME)),
    (202, 39, 57, 8, N'salida', 4, 55, 51, N'Uso de producto en cita #57 - Restauración estética de vehículo clásico.', CAST(N'2026-01-19T14:24:00' AS DATETIME)),
    (203, 30, 57, 12, N'salida', 1, 88, 87, N'Uso de producto en cita #57 - Restauración estética de vehículo clásico.', CAST(N'2026-01-19T15:35:00' AS DATETIME)),
    (204, 2, 60, 8, N'salida', 2, 14, 12, N'Uso de producto en cita #60 - Cambio de aceite y filtro.', CAST(N'2026-06-15T15:27:00' AS DATETIME)),
    (205, 1, 60, 6, N'salida', 1, 58, 57, N'Uso de producto en cita #60 - Cambio de aceite y filtro.', CAST(N'2026-06-15T14:22:00' AS DATETIME)),
    (206, 9, 60, 10, N'salida', 1, 92, 91, N'Uso de producto en cita #60 - Cambio de aceite y filtro.', CAST(N'2026-06-15T13:29:00' AS DATETIME)),
    (207, 30, 61, 3, N'salida', 1, 87, 86, N'Uso de producto en cita #61 - Pintura de panel individual.', CAST(N'2026-02-12T18:41:00' AS DATETIME)),
    (208, 6, 61, 10, N'salida', 1, 57, 56, N'Uso de producto en cita #61 - Pintura de panel individual.', CAST(N'2026-02-12T18:42:00' AS DATETIME)),
    (209, 12, 62, 8, N'salida', 1, 71, 70, N'Uso de producto en cita #62 - Afinamiento menor de motor.', CAST(N'2026-04-23T09:42:00' AS DATETIME)),
    (210, 43, 62, 4, N'salida', 1, 36, 35, N'Uso de producto en cita #62 - Afinamiento menor de motor.', CAST(N'2026-04-23T09:36:00' AS DATETIME)),
    (211, 10, 62, 4, N'salida', 1, 77, 76, N'Uso de producto en cita #62 - Afinamiento menor de motor.', CAST(N'2026-04-23T10:56:00' AS DATETIME)),
    (212, 14, 64, 10, N'salida', 1, 86, 85, N'Uso de producto en cita #64 - Cambio de pastillas de freno.', CAST(N'2026-06-16T15:38:00' AS DATETIME)),
    (213, 16, 65, 12, N'salida', 1, 53, 52, N'Uso de producto en cita #65 - Revisión mecánica para compra de vehículo usado.', CAST(N'2026-04-17T16:21:00' AS DATETIME)),
    (214, 30, 67, 6, N'salida', 1, 86, 85, N'Uso de producto en cita #67 - Pintura de panel individual.', CAST(N'2026-04-14T15:31:00' AS DATETIME)),
    (215, 6, 67, 4, N'salida', 1, 56, 55, N'Uso de producto en cita #67 - Pintura de panel individual.', CAST(N'2026-04-14T16:10:00' AS DATETIME)),
    (216, 7, 68, 10, N'salida', 1, 93, 92, N'Uso de producto en cita #68 - Detallado exterior completo.', CAST(N'2026-03-25T12:44:00' AS DATETIME)),
    (217, 33, 68, 4, N'salida', 3, 69, 66, N'Uso de producto en cita #68 - Detallado exterior completo.', CAST(N'2026-03-25T12:26:00' AS DATETIME)),
    (218, 8, 68, 12, N'salida', 2, 76, 74, N'Uso de producto en cita #68 - Detallado exterior completo.', CAST(N'2026-03-25T13:25:00' AS DATETIME)),
    (219, 23, 69, 4, N'salida', 4, 76, 72, N'Uso de producto en cita #69 - Revisión pre-DEKRA.', CAST(N'2026-01-30T09:21:00' AS DATETIME)),
    (220, 2, 70, 4, N'salida', 3, 12, 9, N'Uso de producto en cita #70 - Cambio de aceite y filtro.', CAST(N'2026-05-18T10:41:00' AS DATETIME)),
    (221, 1, 70, 4, N'salida', 1, 57, 56, N'Uso de producto en cita #70 - Cambio de aceite y filtro.', CAST(N'2026-05-18T09:35:00' AS DATETIME)),
    (222, 36, 71, 4, N'salida', 1, 75, 74, N'Uso de producto en cita #71 - Afinamiento completo de motor.', CAST(N'2026-04-22T09:31:00' AS DATETIME)),
    (223, 46, 73, 6, N'salida', 1, 94, 93, N'Uso de producto en cita #73 - Cambio de refrigerante y revisión de fugas.', CAST(N'2026-02-27T12:03:00' AS DATETIME)),
    (224, 4, 73, 10, N'salida', 1, 60, 59, N'Uso de producto en cita #73 - Cambio de refrigerante y revisión de fugas.', CAST(N'2026-02-27T12:12:00' AS DATETIME)),
    (225, 8, 75, 4, N'salida', 1, 74, 73, N'Uso de producto en cita #75 - Revisión pre-DEKRA.', CAST(N'2026-01-27T12:49:00' AS DATETIME)),
    (226, 22, 75, 8, N'salida', 2, 57, 55, N'Uso de producto en cita #75 - Revisión pre-DEKRA.', CAST(N'2026-01-27T12:17:00' AS DATETIME)),
    (227, 8, 78, 12, N'salida', 1, 73, 72, N'Uso de producto en cita #78 - Diagnóstico integral para proyecto clásico.', CAST(N'2026-04-18T13:01:00' AS DATETIME)),
    (228, 33, 78, 6, N'salida', 3, 66, 63, N'Uso de producto en cita #78 - Diagnóstico integral para proyecto clásico.', CAST(N'2026-04-18T13:23:00' AS DATETIME)),
    (229, 37, 80, 12, N'salida', 1, 51, 50, N'Uso de producto en cita #80 - Instalación de radio clásico con Bluetooth.', CAST(N'2026-02-12T10:51:00' AS DATETIME)),
    (230, 24, 80, 4, N'salida', 1, 39, 38, N'Uso de producto en cita #80 - Instalación de radio clásico con Bluetooth.', CAST(N'2026-02-12T10:15:00' AS DATETIME)),
    (231, 49, 80, 8, N'salida', 3, 34, 31, N'Uso de producto en cita #80 - Instalación de radio clásico con Bluetooth.', CAST(N'2026-02-12T10:25:00' AS DATETIME)),
    (232, 33, 84, 10, N'salida', 3, 63, 60, N'Uso de producto en cita #84 - Detallado exterior completo.', CAST(N'2026-06-10T16:28:00' AS DATETIME)),
    (233, 8, 84, 4, N'salida', 2, 72, 70, N'Uso de producto en cita #84 - Detallado exterior completo.', CAST(N'2026-06-10T14:58:00' AS DATETIME)),
    (234, 4, 87, 4, N'salida', 1, 59, 58, N'Uso de producto en cita #87 - Cambio de refrigerante y revisión de fugas.', CAST(N'2026-04-20T12:51:00' AS DATETIME)),
    (235, 46, 87, 4, N'salida', 1, 93, 92, N'Uso de producto en cita #87 - Cambio de refrigerante y revisión de fugas.', CAST(N'2026-04-20T12:47:00' AS DATETIME)),
    (236, 48, 88, 3, N'salida', 1, 102, 101, N'Uso de producto en cita #88 - Ajuste y limpieza de frenos.', CAST(N'2026-04-27T09:28:00' AS DATETIME)),
    (237, 3, 88, 8, N'salida', 1, 85, 84, N'Uso de producto en cita #88 - Ajuste y limpieza de frenos.', CAST(N'2026-04-27T08:30:00' AS DATETIME)),
    (238, 16, 88, 12, N'salida', 1, 52, 51, N'Uso de producto en cita #88 - Ajuste y limpieza de frenos.', CAST(N'2026-04-27T10:11:00' AS DATETIME)),
    (239, 40, 89, 6, N'salida', 1, 95, 94, N'Uso de producto en cita #89 - Restauración de tapicería interior completa.', CAST(N'2026-01-06T13:24:00' AS DATETIME)),
    (240, 42, 89, 6, N'salida', 1, 54, 53, N'Uso de producto en cita #89 - Restauración de tapicería interior completa.', CAST(N'2026-01-06T13:25:00' AS DATETIME)),
    (241, 41, 89, 10, N'salida', 1, 50, 49, N'Uso de producto en cita #89 - Restauración de tapicería interior completa.', CAST(N'2026-01-06T13:57:00' AS DATETIME)),
    (242, 2, 90, 4, N'salida', 1, 9, 8, N'Uso de producto en cita #90 - Cambio de aceite y filtro.', CAST(N'2026-03-16T15:33:00' AS DATETIME)),
    (243, 9, 90, 6, N'salida', 1, 91, 90, N'Uso de producto en cita #90 - Cambio de aceite y filtro.', CAST(N'2026-03-16T15:59:00' AS DATETIME)),
    (244, 10, 92, 3, N'salida', 1, 76, 75, N'Uso de producto en cita #92 - Afinamiento completo de motor.', CAST(N'2026-04-10T10:37:00' AS DATETIME)),
    (245, 2, 92, 10, N'salida', 3, 8, 5, N'Uso de producto en cita #92 - Afinamiento completo de motor.', CAST(N'2026-04-10T12:23:00' AS DATETIME)),
    (246, 11, 92, 12, N'salida', 5, 84, 79, N'Uso de producto en cita #92 - Afinamiento completo de motor.', CAST(N'2026-04-10T11:17:00' AS DATETIME)),
    (247, 23, 93, 10, N'salida', 6, 72, 66, N'Uso de producto en cita #93 - Reparación de luces y cableado.', CAST(N'2026-04-28T08:29:00' AS DATETIME)),
    (248, 22, 93, 6, N'salida', 4, 55, 51, N'Uso de producto en cita #93 - Reparación de luces y cableado.', CAST(N'2026-04-28T08:39:00' AS DATETIME)),
    (249, 10, 94, 6, N'salida', 1, 75, 74, N'Uso de producto en cita #94 - Afinamiento menor de motor.', CAST(N'2026-06-09T15:29:00' AS DATETIME)),
    (250, 43, 94, 6, N'salida', 1, 35, 34, N'Uso de producto en cita #94 - Afinamiento menor de motor.', CAST(N'2026-06-09T15:54:00' AS DATETIME)),
    (251, 41, 95, 3, N'salida', 4, 49, 45, N'Uso de producto en cita #95 - Tapizado de asiento delantero.', CAST(N'2026-06-15T17:06:00' AS DATETIME)),
    (252, 39, 95, 10, N'salida', 4, 51, 47, N'Uso de producto en cita #95 - Tapizado de asiento delantero.', CAST(N'2026-06-15T17:05:00' AS DATETIME)),
    (253, 40, 95, 3, N'salida', 1, 94, 93, N'Uso de producto en cita #95 - Tapizado de asiento delantero.', CAST(N'2026-06-15T15:29:00' AS DATETIME)),
    (254, 8, 96, 3, N'salida', 2, 70, 68, N'Uso de producto en cita #96 - Revisión general 30 puntos.', CAST(N'2026-02-06T13:41:00' AS DATETIME)),
    (255, 16, 96, 10, N'salida', 1, 51, 50, N'Uso de producto en cita #96 - Revisión general 30 puntos.', CAST(N'2026-02-06T13:58:00' AS DATETIME)),
    (256, 16, 97, 4, N'salida', 1, 50, 49, N'Uso de producto en cita #97 - Diagnóstico integral para proyecto clásico.', CAST(N'2026-06-10T15:00:00' AS DATETIME)),
    (257, 8, 97, 10, N'salida', 1, 68, 67, N'Uso de producto en cita #97 - Diagnóstico integral para proyecto clásico.', CAST(N'2026-06-10T13:36:00' AS DATETIME)),
    (258, 12, 98, 10, N'salida', 1, 70, 69, N'Uso de producto en cita #98 - Afinamiento menor de motor.', CAST(N'2026-06-02T17:53:00' AS DATETIME)),
    (259, 24, 100, 6, N'salida', 1, 38, 37, N'Uso de producto en cita #100 - Diagnóstico eléctrico general.', CAST(N'2026-03-16T13:08:00' AS DATETIME)),
    (260, 23, 100, 12, N'salida', 6, 66, 60, N'Uso de producto en cita #100 - Diagnóstico eléctrico general.', CAST(N'2026-03-16T12:56:00' AS DATETIME)),
    (261, 22, 100, 12, N'salida', 1, 51, 50, N'Uso de producto en cita #100 - Diagnóstico eléctrico general.', CAST(N'2026-03-16T13:11:00' AS DATETIME)),
    (262, 7, 101, 3, N'salida', 1, 92, 91, N'Uso de producto en cita #101 - Pulido y encerado de pintura.', CAST(N'2026-05-13T12:33:00' AS DATETIME)),
    (263, 33, 101, 6, N'salida', 1, 60, 59, N'Uso de producto en cita #101 - Pulido y encerado de pintura.', CAST(N'2026-05-13T11:58:00' AS DATETIME)),
    (264, 8, 102, 3, N'salida', 2, 67, 65, N'Uso de producto en cita #102 - Revisión general 30 puntos.', CAST(N'2026-01-12T09:57:00' AS DATETIME)),
    (265, 16, 102, 8, N'salida', 1, 49, 48, N'Uso de producto en cita #102 - Revisión general 30 puntos.', CAST(N'2026-01-12T09:21:00' AS DATETIME)),
    (266, 33, 102, 4, N'salida', 4, 59, 55, N'Uso de producto en cita #102 - Revisión general 30 puntos.', CAST(N'2026-01-12T10:16:00' AS DATETIME)),
    (267, 14, 103, 12, N'salida', 1, 85, 84, N'Uso de producto en cita #103 - Cambio de pastillas de freno.', CAST(N'2026-04-03T15:37:00' AS DATETIME)),
    (268, 16, 104, 4, N'salida', 1, 48, 47, N'Uso de producto en cita #104 - Revisión pre-DEKRA.', CAST(N'2026-05-23T12:17:00' AS DATETIME)),
    (269, 49, 106, 6, N'salida', 1, 31, 30, N'Uso de producto en cita #106 - Reparación de luces y cableado.', CAST(N'2026-03-24T17:01:00' AS DATETIME)),
    (270, 23, 107, 8, N'salida', 3, 60, 57, N'Uso de producto en cita #107 - Revisión mecánica para compra de vehículo usado.', CAST(N'2026-05-06T18:10:00' AS DATETIME)),
    (271, 11, 108, 4, N'salida', 2, 79, 77, N'Uso de producto en cita #108 - Afinamiento menor de motor.', CAST(N'2026-02-17T10:24:00' AS DATETIME)),
    (272, 8, 109, 10, N'salida', 3, 65, 62, N'Uso de producto en cita #109 - Pulido y encerado de pintura.', CAST(N'2026-03-07T14:47:00' AS DATETIME)),
    (273, 49, 110, 8, N'salida', 4, 30, 26, N'Uso de producto en cita #110 - Diagnóstico computarizado OBD.', CAST(N'2026-04-16T08:46:00' AS DATETIME)),
    (274, 23, 110, 3, N'salida', 6, 57, 51, N'Uso de producto en cita #110 - Diagnóstico computarizado OBD.', CAST(N'2026-04-16T09:39:00' AS DATETIME)),
    (275, 46, 111, 6, N'salida', 1, 92, 91, N'Uso de producto en cita #111 - Restauración mecánica de motor clásico.', CAST(N'2026-04-09T15:12:00' AS DATETIME)),
    (276, 35, 111, 12, N'salida', 1, 64, 63, N'Uso de producto en cita #111 - Restauración mecánica de motor clásico.', CAST(N'2026-04-09T16:59:00' AS DATETIME)),
    (277, 36, 111, 10, N'salida', 1, 74, 73, N'Uso de producto en cita #111 - Restauración mecánica de motor clásico.', CAST(N'2026-04-09T15:16:00' AS DATETIME)),
    (278, 10, 113, 3, N'salida', 1, 74, 73, N'Uso de producto en cita #113 - Cambio de aceite y filtro.', CAST(N'2026-01-07T17:27:00' AS DATETIME)),
    (279, 24, 116, 4, N'salida', 4, 37, 33, N'Uso de producto en cita #116 - Diagnóstico computarizado OBD.', CAST(N'2026-06-15T10:58:00' AS DATETIME)),
    (280, 23, 116, 6, N'salida', 1, 51, 50, N'Uso de producto en cita #116 - Diagnóstico computarizado OBD.', CAST(N'2026-06-15T10:26:00' AS DATETIME)),
    (281, 49, 116, 10, N'salida', 2, 26, 24, N'Uso de producto en cita #116 - Diagnóstico computarizado OBD.', CAST(N'2026-06-15T09:40:00' AS DATETIME)),
    (282, 33, 117, 4, N'salida', 3, 55, 52, N'Uso de producto en cita #117 - Pulido y encerado de pintura.', CAST(N'2026-03-14T11:56:00' AS DATETIME)),
    (283, 33, 118, 8, N'salida', 4, 52, 48, N'Uso de producto en cita #118 - Pulido y encerado de pintura.', CAST(N'2026-01-20T17:36:00' AS DATETIME)),
    (284, 7, 118, 4, N'salida', 1, 91, 90, N'Uso de producto en cita #118 - Pulido y encerado de pintura.', CAST(N'2026-01-20T17:41:00' AS DATETIME)),
    (285, 8, 118, 10, N'salida', 3, 62, 59, N'Uso de producto en cita #118 - Pulido y encerado de pintura.', CAST(N'2026-01-20T18:11:00' AS DATETIME)),
    (286, 8, 119, 10, N'salida', 4, 59, 55, N'Uso de producto en cita #119 - Revisión mecánica para compra de vehículo usado.', CAST(N'2026-03-07T14:59:00' AS DATETIME)),
    (287, 16, 119, 12, N'salida', 1, 47, 46, N'Uso de producto en cita #119 - Revisión mecánica para compra de vehículo usado.', CAST(N'2026-03-07T15:15:00' AS DATETIME)),
    (288, 23, 119, 8, N'salida', 3, 50, 47, N'Uso de producto en cita #119 - Revisión mecánica para compra de vehículo usado.', CAST(N'2026-03-07T15:28:00' AS DATETIME)),
    (289, 19, 121, 10, N'salida', 1, 81, 80, N'Uso de producto en cita #121 - Alineamiento y revisión de suspensión.', CAST(N'2026-04-07T09:55:00' AS DATETIME)),
    (290, 30, 122, 6, N'salida', 1, 85, 84, N'Uso de producto en cita #122 - Restauración parcial de pintura.', CAST(N'2026-03-27T14:43:00' AS DATETIME)),
    (291, 32, 122, 6, N'salida', 1, 80, 79, N'Uso de producto en cita #122 - Restauración parcial de pintura.', CAST(N'2026-03-27T15:33:00' AS DATETIME)),
    (292, 1, 124, 10, N'salida', 2, 56, 54, N'Uso de producto en cita #124 - Afinamiento completo de motor.', CAST(N'2026-05-22T16:25:00' AS DATETIME)),
    (293, 36, 124, 8, N'salida', 1, 73, 72, N'Uso de producto en cita #124 - Afinamiento completo de motor.', CAST(N'2026-05-22T15:02:00' AS DATETIME)),
    (294, 12, 124, 4, N'salida', 1, 69, 68, N'Uso de producto en cita #124 - Afinamiento completo de motor.', CAST(N'2026-05-22T16:00:00' AS DATETIME)),
    (295, 1, 125, 10, N'salida', 1, 54, 53, N'Uso de producto en cita #125 - Cambio de aceite y filtro.', CAST(N'2026-04-08T15:15:00' AS DATETIME)),
    (296, 10, 126, 10, N'salida', 1, 73, 72, N'Uso de producto en cita #126 - Afinamiento completo de motor.', CAST(N'2026-06-12T18:13:00' AS DATETIME)),
    (297, 49, 127, 8, N'salida', 6, 24, 18, N'Uso de producto en cita #127 - Diagnóstico computarizado OBD.', CAST(N'2026-02-12T15:10:00' AS DATETIME)),
    (298, 23, 127, 10, N'salida', 2, 47, 45, N'Uso de producto en cita #127 - Diagnóstico computarizado OBD.', CAST(N'2026-02-12T15:25:00' AS DATETIME)),
    (299, 47, 129, 12, N'salida', 1, 61, 60, N'Uso de producto en cita #129 - Alineamiento y revisión de suspensión.', CAST(N'2026-01-28T12:15:00' AS DATETIME)),
    (300, 19, 129, 8, N'salida', 1, 80, 79, N'Uso de producto en cita #129 - Alineamiento y revisión de suspensión.', CAST(N'2026-01-28T11:51:00' AS DATETIME)),
    (301, 13, 130, 4, N'salida', 1, 49, 48, N'Uso de producto en cita #130 - Cambio de pastillas de freno.', CAST(N'2026-03-18T12:25:00' AS DATETIME)),
    (302, 15, 130, 12, N'salida', 1, 99, 98, N'Uso de producto en cita #130 - Cambio de pastillas de freno.', CAST(N'2026-03-18T13:01:00' AS DATETIME)),
    (303, 23, 131, 4, N'salida', 3, 45, 42, N'Uso de producto en cita #131 - Diagnóstico eléctrico general.', CAST(N'2026-04-07T15:37:00' AS DATETIME)),
    (304, 49, 131, 8, N'salida', 2, 18, 16, N'Uso de producto en cita #131 - Diagnóstico eléctrico general.', CAST(N'2026-04-07T16:07:00' AS DATETIME)),
    (305, 22, 131, 8, N'salida', 4, 50, 46, N'Uso de producto en cita #131 - Diagnóstico eléctrico general.', CAST(N'2026-04-07T15:05:00' AS DATETIME)),
    (306, 7, 133, 8, N'salida', 1, 90, 89, N'Uso de producto en cita #133 - Pulido y encerado de pintura.', CAST(N'2026-05-22T10:38:00' AS DATETIME)),
    (307, 32, 135, 12, N'salida', 1, 79, 78, N'Uso de producto en cita #135 - Restauración parcial de pintura.', CAST(N'2026-03-25T17:24:00' AS DATETIME)),
    (308, 5, 135, 12, N'salida', 3, 89, 86, N'Uso de producto en cita #135 - Restauración parcial de pintura.', CAST(N'2026-03-25T15:03:00' AS DATETIME)),
    (309, 9, 136, 10, N'salida', 1, 90, 89, N'Uso de producto en cita #136 - Cambio de aceite y filtro.', CAST(N'2026-05-29T16:53:00' AS DATETIME)),
    (310, 11, 137, 6, N'salida', 1, 77, 76, N'Uso de producto en cita #137 - Afinamiento menor de motor.', CAST(N'2026-05-14T16:31:00' AS DATETIME)),
    (311, 10, 137, 4, N'salida', 1, 72, 71, N'Uso de producto en cita #137 - Afinamiento menor de motor.', CAST(N'2026-05-14T15:59:00' AS DATETIME)),
    (312, 43, 137, 10, N'salida', 1, 34, 33, N'Uso de producto en cita #137 - Afinamiento menor de motor.', CAST(N'2026-05-14T16:12:00' AS DATETIME)),
    (313, 31, 138, 12, N'salida', 1, 74, 73, N'Uso de producto en cita #138 - Pintura de panel individual.', CAST(N'2026-01-20T13:18:00' AS DATETIME)),
    (314, 30, 138, 8, N'salida', 1, 84, 83, N'Uso de producto en cita #138 - Pintura de panel individual.', CAST(N'2026-01-20T12:04:00' AS DATETIME)),
    (315, 13, 139, 8, N'salida', 1, 48, 47, N'Uso de producto en cita #139 - Cambio de pastillas de freno.', CAST(N'2026-05-09T09:54:00' AS DATETIME)),
    (316, 16, 139, 12, N'salida', 1, 46, 45, N'Uso de producto en cita #139 - Cambio de pastillas de freno.', CAST(N'2026-05-09T10:25:00' AS DATETIME)),
    (317, 23, 141, 3, N'salida', 5, 42, 37, N'Uso de producto en cita #141 - Diagnóstico eléctrico general.', CAST(N'2026-04-23T13:27:00' AS DATETIME)),
    (318, 23, 142, 10, N'salida', 5, 37, 32, N'Uso de producto en cita #142 - Diagnóstico computarizado OBD.', CAST(N'2026-05-19T16:28:00' AS DATETIME)),
    (319, 49, 142, 8, N'salida', 6, 16, 10, N'Uso de producto en cita #142 - Diagnóstico computarizado OBD.', CAST(N'2026-05-19T16:19:00' AS DATETIME)),
    (320, 23, 145, 12, N'salida', 5, 32, 27, N'Uso de producto en cita #145 - Revisión pre-DEKRA.', CAST(N'2026-01-16T13:55:00' AS DATETIME)),
    (321, 22, 145, 6, N'salida', 1, 46, 45, N'Uso de producto en cita #145 - Revisión pre-DEKRA.', CAST(N'2026-01-16T13:53:00' AS DATETIME)),
    (322, 48, 147, 6, N'salida', 1, 101, 100, N'Uso de producto en cita #147 - Ajuste y limpieza de frenos.', CAST(N'2026-01-14T10:24:00' AS DATETIME)),
    (323, 4, 148, 10, N'salida', 1, 58, 57, N'Uso de producto en cita #148 - Cambio de refrigerante y revisión de fugas.', CAST(N'2026-02-06T16:08:00' AS DATETIME)),
    (324, 46, 148, 8, N'salida', 1, 91, 90, N'Uso de producto en cita #148 - Cambio de refrigerante y revisión de fugas.', CAST(N'2026-02-06T16:51:00' AS DATETIME)),
    (325, 1, 149, 12, N'salida', 1, 53, 52, N'Uso de producto en cita #149 - Afinamiento completo de motor.', CAST(N'2026-04-22T15:51:00' AS DATETIME)),
    (326, 10, 149, 3, N'salida', 1, 71, 70, N'Uso de producto en cita #149 - Afinamiento completo de motor.', CAST(N'2026-04-22T15:33:00' AS DATETIME)),
    (327, 2, 149, 4, N'salida', 2, 5, 3, N'Uso de producto en cita #149 - Afinamiento completo de motor.', CAST(N'2026-04-22T17:07:00' AS DATETIME)),
    (328, 1, 150, 6, N'salida', 1, 52, 51, N'Uso de producto en cita #150 - Afinamiento completo de motor.', CAST(N'2026-02-03T13:31:00' AS DATETIME)),
    (329, 46, 150, 4, N'salida', 1, 90, 89, N'Uso de producto en cita #150 - Afinamiento completo de motor.', CAST(N'2026-02-03T11:25:00' AS DATETIME)),
    (330, 19, 151, 4, N'salida', 1, 79, 78, N'Uso de producto en cita #151 - Cambio de amortiguadores delanteros.', CAST(N'2026-01-09T13:32:00' AS DATETIME)),
    (331, 47, 151, 8, N'salida', 1, 60, 59, N'Uso de producto en cita #151 - Cambio de amortiguadores delanteros.', CAST(N'2026-01-09T11:31:00' AS DATETIME)),
    (332, 23, 152, 4, N'salida', 5, 27, 22, N'Uso de producto en cita #152 - Revisión mecánica para compra de vehículo usado.', CAST(N'2026-03-11T12:12:00' AS DATETIME)),
    (333, 8, 152, 8, N'salida', 1, 55, 54, N'Uso de producto en cita #152 - Revisión mecánica para compra de vehículo usado.', CAST(N'2026-03-11T11:19:00' AS DATETIME)),
    (334, 6, 153, 8, N'salida', 1, 55, 54, N'Uso de producto en cita #153 - Pintura de panel individual.', CAST(N'2026-05-15T15:47:00' AS DATETIME)),
    (335, 16, 155, 3, N'salida', 1, 45, 44, N'Uso de producto en cita #155 - Cambio de pastillas de freno.', CAST(N'2026-01-14T10:25:00' AS DATETIME)),
    (336, 12, 156, 12, N'salida', 1, 68, 67, N'Uso de producto en cita #156 - Afinamiento menor de motor.', CAST(N'2026-04-09T08:31:00' AS DATETIME)),
    (337, 14, 160, 12, N'salida', 1, 84, 83, N'Uso de producto en cita #160 - Cambio de pastillas de freno.', CAST(N'2026-02-14T15:30:00' AS DATETIME)),
    (338, 16, 160, 10, N'salida', 1, 44, 43, N'Uso de producto en cita #160 - Cambio de pastillas de freno.', CAST(N'2026-02-14T13:32:00' AS DATETIME)),
    (339, 8, 162, 6, N'salida', 2, 54, 52, N'Uso de producto en cita #162 - Diagnóstico integral para proyecto clásico.', CAST(N'2026-03-20T17:19:00' AS DATETIME)),
    (340, 6, 165, 8, N'salida', 1, 54, 53, N'Uso de producto en cita #165 - Restauración parcial de pintura.', CAST(N'2026-03-06T15:12:00' AS DATETIME)),
    (341, 48, 166, 12, N'salida', 1, 100, 99, N'Uso de producto en cita #166 - Ajuste y limpieza de frenos.', CAST(N'2026-05-25T10:37:00' AS DATETIME)),
    (342, 3, 166, 8, N'salida', 1, 84, 83, N'Uso de producto en cita #166 - Ajuste y limpieza de frenos.', CAST(N'2026-05-25T10:02:00' AS DATETIME)),
    (343, 4, 167, 12, N'salida', 1, 57, 56, N'Uso de producto en cita #167 - Cambio de refrigerante y revisión de fugas.', CAST(N'2026-03-26T10:48:00' AS DATETIME)),
    (344, 46, 167, 12, N'salida', 1, 89, 88, N'Uso de producto en cita #167 - Cambio de refrigerante y revisión de fugas.', CAST(N'2026-03-26T10:36:00' AS DATETIME)),
    (345, 3, 169, 12, N'salida', 1, 83, 82, N'Uso de producto en cita #169 - Ajuste y limpieza de frenos.', CAST(N'2026-01-22T15:00:00' AS DATETIME)),
    (346, 48, 169, 4, N'salida', 1, 99, 98, N'Uso de producto en cita #169 - Ajuste y limpieza de frenos.', CAST(N'2026-01-22T15:42:00' AS DATETIME)),
    (347, 1, 171, 4, N'salida', 4, 51, 47, N'Uso de producto en cita #171 - Cambio de aceite y filtro.', CAST(N'2026-02-26T08:57:00' AS DATETIME)),
    (348, 16, 176, 4, N'salida', 1, 43, 42, N'Uso de producto en cita #176 - Ajuste y limpieza de frenos.', CAST(N'2026-02-02T17:02:00' AS DATETIME)),
    (349, 31, 178, 4, N'salida', 1, 73, 72, N'Uso de producto en cita #178 - Restauración estética de vehículo clásico.', CAST(N'2026-03-11T13:26:00' AS DATETIME)),
    (350, 29, 178, 3, N'salida', 1, 60, 59, N'Uso de producto en cita #178 - Restauración estética de vehículo clásico.', CAST(N'2026-03-11T12:58:00' AS DATETIME)),
    (351, 6, 178, 8, N'salida', 1, 53, 52, N'Uso de producto en cita #178 - Restauración estética de vehículo clásico.', CAST(N'2026-03-11T12:31:00' AS DATETIME)),
    (352, 43, 180, 10, N'salida', 1, 33, 32, N'Uso de producto en cita #180 - Afinamiento menor de motor.', CAST(N'2026-04-24T17:26:00' AS DATETIME)),
    (353, 8, 181, 4, N'salida', 3, 52, 49, N'Uso de producto en cita #181 - Revisión mecánica para compra de vehículo usado.', CAST(N'2026-05-28T15:22:00' AS DATETIME)),
    (354, 23, 181, 12, N'salida', 3, 22, 19, N'Uso de producto en cita #181 - Revisión mecánica para compra de vehículo usado.', CAST(N'2026-05-28T17:14:00' AS DATETIME)),
    (355, 16, 181, 10, N'salida', 1, 42, 41, N'Uso de producto en cita #181 - Revisión mecánica para compra de vehículo usado.', CAST(N'2026-05-28T17:01:00' AS DATETIME)),
    (356, 8, 182, 3, N'salida', 1, 49, 48, N'Uso de producto en cita #182 - Revisión pre-DEKRA.', CAST(N'2026-04-03T13:59:00' AS DATETIME)),
    (357, 16, 182, 12, N'salida', 1, 41, 40, N'Uso de producto en cita #182 - Revisión pre-DEKRA.', CAST(N'2026-04-03T12:36:00' AS DATETIME)),
    (358, 22, 182, 12, N'salida', 6, 45, 39, N'Uso de producto en cita #182 - Revisión pre-DEKRA.', CAST(N'2026-04-03T11:47:00' AS DATETIME)),
    (359, 24, 185, 10, N'salida', 4, 33, 29, N'Uso de producto en cita #185 - Reparación de luces y cableado.', CAST(N'2026-01-12T17:17:00' AS DATETIME)),
    (360, 23, 185, 12, N'salida', 2, 19, 17, N'Uso de producto en cita #185 - Reparación de luces y cableado.', CAST(N'2026-01-12T18:07:00' AS DATETIME)),
    (361, 16, 187, 10, N'salida', 1, 40, 39, N'Uso de producto en cita #187 - Diagnóstico integral para proyecto clásico.', CAST(N'2026-04-25T14:21:00' AS DATETIME)),
    (362, 8, 187, 12, N'salida', 1, 48, 47, N'Uso de producto en cita #187 - Diagnóstico integral para proyecto clásico.', CAST(N'2026-04-25T14:25:00' AS DATETIME)),
    (363, 33, 187, 4, N'salida', 2, 48, 46, N'Uso de producto en cita #187 - Diagnóstico integral para proyecto clásico.', CAST(N'2026-04-25T14:25:00' AS DATETIME)),
    (364, 24, 188, 10, N'salida', 1, 29, 28, N'Uso de producto en cita #188 - Diagnóstico eléctrico general.', CAST(N'2026-05-07T18:35:00' AS DATETIME)),
    (365, 23, 188, 6, N'salida', 1, 17, 16, N'Uso de producto en cita #188 - Diagnóstico eléctrico general.', CAST(N'2026-05-07T18:36:00' AS DATETIME)),
    (366, 4, 189, 10, N'salida', 1, 56, 55, N'Uso de producto en cita #189 - Cambio de refrigerante y revisión de fugas.', CAST(N'2026-05-16T09:51:00' AS DATETIME)),
    (367, 46, 189, 12, N'salida', 1, 88, 87, N'Uso de producto en cita #189 - Cambio de refrigerante y revisión de fugas.', CAST(N'2026-05-16T09:44:00' AS DATETIME)),
    (368, 33, 190, 4, N'salida', 4, 46, 42, N'Uso de producto en cita #190 - Detallado exterior completo.', CAST(N'2026-03-27T10:52:00' AS DATETIME)),
    (369, 23, 191, 10, N'salida', 5, 16, 11, N'Uso de producto en cita #191 - Revisión pre-DEKRA.', CAST(N'2026-02-16T14:05:00' AS DATETIME)),
    (370, 16, 191, 3, N'salida', 1, 39, 38, N'Uso de producto en cita #191 - Revisión pre-DEKRA.', CAST(N'2026-02-16T14:35:00' AS DATETIME)),
    (371, 16, 197, 8, N'salida', 1, 38, 37, N'Uso de producto en cita #197 - Diagnóstico integral para proyecto clásico.', CAST(N'2026-03-03T09:49:00' AS DATETIME)),
    (372, 8, 198, 8, N'salida', 2, 47, 45, N'Uso de producto en cita #198 - Detallado exterior completo.', CAST(N'2026-05-18T16:32:00' AS DATETIME)),
    (373, 33, 198, 12, N'salida', 4, 42, 38, N'Uso de producto en cita #198 - Detallado exterior completo.', CAST(N'2026-05-18T18:25:00' AS DATETIME)),
    (374, 30, 200, 4, N'salida', 1, 83, 82, N'Uso de producto en cita #200 - Pintura de panel individual.', CAST(N'2026-05-18T11:14:00' AS DATETIME)),
    (375, 29, 200, 6, N'salida', 1, 59, 58, N'Uso de producto en cita #200 - Pintura de panel individual.', CAST(N'2026-05-18T10:23:00' AS DATETIME)),
    (376, 5, 200, 12, N'salida', 3, 86, 83, N'Uso de producto en cita #200 - Pintura de panel individual.', CAST(N'2026-05-18T11:44:00' AS DATETIME)),
    (377, 22, 202, 4, N'salida', 2, 39, 37, N'Uso de producto en cita #202 - Revisión pre-DEKRA.', CAST(N'2026-01-17T15:39:00' AS DATETIME)),
    (378, 16, 202, 10, N'salida', 1, 37, 36, N'Uso de producto en cita #202 - Revisión pre-DEKRA.', CAST(N'2026-01-17T15:21:00' AS DATETIME)),
    (379, 23, 202, 3, N'salida', 3, 11, 8, N'Uso de producto en cita #202 - Revisión pre-DEKRA.', CAST(N'2026-01-17T15:22:00' AS DATETIME)),
    (380, 8, 205, 6, N'salida', 1, 45, 44, N'Uso de producto en cita #205 - Pulido y encerado de pintura.', CAST(N'2026-05-08T16:31:00' AS DATETIME)),
    (381, 19, 206, 3, N'salida', 1, 78, 77, N'Uso de producto en cita #206 - Cambio de amortiguadores delanteros.', CAST(N'2026-03-03T17:15:00' AS DATETIME)),
    (382, 18, 206, 3, N'salida', 1, 59, 58, N'Uso de producto en cita #206 - Cambio de amortiguadores delanteros.', CAST(N'2026-03-03T16:35:00' AS DATETIME)),
    (383, 47, 206, 4, N'salida', 1, 59, 58, N'Uso de producto en cita #206 - Cambio de amortiguadores delanteros.', CAST(N'2026-03-03T16:55:00' AS DATETIME)),
    (384, 46, 208, 10, N'salida', 1, 87, 86, N'Uso de producto en cita #208 - Restauración mecánica de motor clásico.', CAST(N'2026-04-30T16:02:00' AS DATETIME)),
    (385, 11, 208, 8, N'salida', 2, 76, 74, N'Uso de producto en cita #208 - Restauración mecánica de motor clásico.', CAST(N'2026-04-30T15:38:00' AS DATETIME)),
    (386, 17, 209, 10, N'salida', 1, 81, 80, N'Uso de producto en cita #209 - Alineamiento y revisión de suspensión.', CAST(N'2026-02-05T14:17:00' AS DATETIME)),
    (387, 18, 209, 3, N'salida', 1, 58, 57, N'Uso de producto en cita #209 - Alineamiento y revisión de suspensión.', CAST(N'2026-02-05T14:35:00' AS DATETIME)),
    (388, 19, 209, 10, N'salida', 1, 77, 76, N'Uso de producto en cita #209 - Alineamiento y revisión de suspensión.', CAST(N'2026-02-05T14:47:00' AS DATETIME)),
    (389, 16, 210, 4, N'salida', 1, 36, 35, N'Uso de producto en cita #210 - Revisión general 30 puntos.', CAST(N'2026-01-10T13:23:00' AS DATETIME)),
    (390, 16, NULL, 8, N'ajuste', 3, 35, 38, N'Ajuste por conteo físico de inventario.', CAST(N'2026-06-12T15:30:00' AS DATETIME)),
    (391, 24, NULL, 6, N'ajuste', 1, 28, 27, N'Ajuste por conteo físico de inventario.', CAST(N'2026-02-23T11:30:00' AS DATETIME)),
    (392, 28, NULL, 3, N'entrada', 1, 13, 14, N'Entrada menor por compra urgente de taller.', CAST(N'2026-03-09T15:15:00' AS DATETIME)),
    (393, 40, NULL, 4, N'ajuste', 2, 93, 95, N'Ajuste por conteo físico de inventario.', CAST(N'2026-06-14T14:30:00' AS DATETIME)),
    (394, 42, NULL, 3, N'ajuste', 3, 53, 56, N'Ajuste por conteo físico de inventario.', CAST(N'2026-02-11T12:45:00' AS DATETIME)),
    (395, 10, NULL, 3, N'entrada', 3, 70, 73, N'Entrada menor por compra urgente de taller.', CAST(N'2026-06-14T09:00:00' AS DATETIME)),
    (396, 10, NULL, 4, N'entrada', 2, 73, 75, N'Entrada menor por compra urgente de taller.', CAST(N'2026-03-04T10:30:00' AS DATETIME)),
    (397, 28, NULL, 10, N'ajuste', 2, 14, 12, N'Ajuste por conteo físico de inventario.', CAST(N'2026-01-12T09:00:00' AS DATETIME)),
    (398, 19, NULL, 10, N'ajuste', 2, 76, 78, N'Ajuste por conteo físico de inventario.', CAST(N'2026-03-15T15:15:00' AS DATETIME)),
    (399, 9, NULL, 3, N'entrada', 3, 89, 92, N'Entrada menor por compra urgente de taller.', CAST(N'2026-04-06T12:30:00' AS DATETIME)),
    (400, 5, NULL, 8, N'ajuste', 4, 83, 79, N'Ajuste por conteo físico de inventario.', CAST(N'2026-02-23T15:30:00' AS DATETIME)),
    (401, 8, NULL, 3, N'ajuste', 4, 44, 48, N'Ajuste por conteo físico de inventario.', CAST(N'2026-01-01T08:30:00' AS DATETIME)),
    (402, 46, NULL, 8, N'entrada', 3, 86, 89, N'Entrada menor por compra urgente de taller.', CAST(N'2026-06-21T16:00:00' AS DATETIME)),
    (403, 2, NULL, 3, N'ajuste', 1, 3, 2, N'Ajuste por conteo físico de inventario.', CAST(N'2026-04-03T12:45:00' AS DATETIME)),
    (404, 39, NULL, 10, N'ajuste', 3, 47, 44, N'Ajuste por conteo físico de inventario.', CAST(N'2026-01-09T10:00:00' AS DATETIME)),
    (405, 45, NULL, 3, N'ajuste', 2, 57, 55, N'Ajuste por conteo físico de inventario.', CAST(N'2026-02-12T14:30:00' AS DATETIME)),
    (406, 18, NULL, 6, N'entrada', 1, 57, 58, N'Entrada menor por compra urgente de taller.', CAST(N'2026-03-03T09:15:00' AS DATETIME)),
    (407, 37, NULL, 8, N'ajuste', 2, 50, 48, N'Ajuste por conteo físico de inventario.', CAST(N'2026-02-02T16:45:00' AS DATETIME)),
    (408, 49, NULL, 6, N'ajuste', 2, 10, 8, N'Ajuste por conteo físico de inventario.', CAST(N'2026-02-24T16:15:00' AS DATETIME)),
    (409, 33, NULL, 4, N'ajuste', 2, 38, 40, N'Ajuste por conteo físico de inventario.', CAST(N'2026-05-23T16:15:00' AS DATETIME)),
    (410, 5, NULL, 3, N'entrada', 3, 79, 82, N'Entrada menor por compra urgente de taller.', CAST(N'2026-04-03T10:45:00' AS DATETIME)),
    (411, 18, NULL, 3, N'ajuste', 4, 58, 54, N'Ajuste por conteo físico de inventario.', CAST(N'2026-03-18T11:15:00' AS DATETIME)),
    (412, 42, NULL, 8, N'entrada', 2, 56, 58, N'Entrada menor por compra urgente de taller.', CAST(N'2026-06-04T12:45:00' AS DATETIME)),
    (413, 25, NULL, 10, N'ajuste', 3, 17, 20, N'Ajuste por conteo físico de inventario.', CAST(N'2026-03-25T11:15:00' AS DATETIME)),
    (414, 21, NULL, 10, N'ajuste', 3, 54, 57, N'Ajuste por conteo físico de inventario.', CAST(N'2026-03-21T16:00:00' AS DATETIME)),
    (415, 12, NULL, 3, N'entrada', 4, 67, 71, N'Entrada menor por compra urgente de taller.', CAST(N'2026-05-26T12:30:00' AS DATETIME)),
    (416, 31, NULL, 4, N'ajuste', 4, 72, 68, N'Ajuste por conteo físico de inventario.', CAST(N'2026-06-01T14:30:00' AS DATETIME)),
    (417, 42, NULL, 10, N'ajuste', 1, 58, 59, N'Ajuste por conteo físico de inventario.', CAST(N'2026-05-17T16:45:00' AS DATETIME)),
    (418, 29, NULL, 3, N'ajuste', 3, 58, 55, N'Ajuste por conteo físico de inventario.', CAST(N'2026-02-18T16:15:00' AS DATETIME)),
    (419, 1, NULL, 6, N'entrada', 3, 47, 50, N'Entrada menor por compra urgente de taller.', CAST(N'2026-05-18T10:15:00' AS DATETIME));
GO
SET IDENTITY_INSERT dbo.movimientos_inventario OFF;
GO


-- =====================================================
-- RESUMEN DE CARGA
-- =====================================================
PRINT 'Base RetroGarage reconstruida y poblada correctamente.';
PRINT 'Registros cargados:';
SELECT 'roles' AS tabla, COUNT(*) AS registros FROM dbo.roles
UNION ALL SELECT 'metodos_pago', COUNT(*) FROM dbo.metodos_pago
UNION ALL SELECT 'categorias', COUNT(*) FROM dbo.categorias
UNION ALL SELECT 'usuarios', COUNT(*) FROM dbo.usuarios
UNION ALL SELECT 'clientes', COUNT(*) FROM dbo.clientes
UNION ALL SELECT 'servicios', COUNT(*) FROM dbo.servicios
UNION ALL SELECT 'productos', COUNT(*) FROM dbo.productos
UNION ALL SELECT 'sesiones_usuario', COUNT(*) FROM dbo.sesiones_usuario
UNION ALL SELECT 'recuperacion_contrasena', COUNT(*) FROM dbo.recuperacion_contrasena
UNION ALL SELECT 'citas', COUNT(*) FROM dbo.citas
UNION ALL SELECT 'pagos', COUNT(*) FROM dbo.pagos
UNION ALL SELECT 'movimientos_inventario', COUNT(*) FROM dbo.movimientos_inventario;
GO
